formula,spg,n_atoms,model,gpt_raw,cif_text,parse_ok,gpt_match_gt
C,166,4,GPT-5.4,"```cif
data_C_diamond
_audit_creation_method           'Generated by AI'
_chemical_name_systematic        'Carbon'
_chemical_formula_sum            'C'
_chemical_formula_structural     'C'

_symmetry_space_group_name_H-M   'F d -3 m'
_symmetry_Int_Tables_number      227

_cell_length_a                   3.567
_cell_length_b                   3.567
_cell_length_c                   3.567
_cell_angle_alpha                90
_cell_angle_beta                 90
_cell_angle_gamma                90
_cell_volume                     45.38
_cell_formula_units_Z            8

loop_
_symmetry_equiv_pos_as_xyz
  'x, y, z'
  'x+1/2, y+1/2, z'
  'x+1/2, y, z+1/2'
  'x, y+1/2, z+1/2'
  '-x+1/4, -y+1/4, -z+1/4'
  '-x+3/4, -y+3/4, -z+1/4'
  '-x+3/4, -y+1/4, -z+3/4'
  '-x+1/4, -y+3/4, -z+3/4'
  '-x, -y, -z'
  '-x+1/2, -y+1/2, -z'
  '-x+1/2, -y, -z+1/2'
  '-x, -y+1/2, -z+1/2'
  'x+1/4, y+1/4, z+1/4'
  'x+3/4, y+3/4, z+1/4'
  'x+3/4, y+1/4, z+3/4'
  'x+1/4, y+3/4, z+3/4'
  'y, z, x'
  'y+1/2, z+1/2, x'
  'y+1/2, z, x+1/2'
  'y, z+1/2, x+1/2'
  '-y+1/4, -z+1/4, -x+1/4'
  '-y+3/4, -z+3/4, -x+1/4'
  '-y+3/4, -z+1/4, -x+3/4'
  '-y+1/4, -z+3/4, -x+3/4'
  '-y, -z, -x'
  '-y+1/2, -z+1/2, -x'
  '-y+1/2, -z, -x+1/2'
  '-y, -z+1/2, -x+1/2'
  'y+1/4, z+1/4, x+1/4'
  'y+3/4, z+3/4, x+1/4'
  'y+3/4, z+1/4, x+3/4'
  'y+1/4, z+3/4, x+3/4'
  'z, x, y'
  'z+1/2, x+1/2, y'
  'z+1/2, x, y+1/2'
  'z, x+1/2, y+1/2'
  '-z+1/4, -x+1/4, -y+1/4'
  '-z+3/4, -x+3/4, -y+1/4'
  '-z+3/4, -x+1/4, -y+3/4'
  '-z+1/4, -x+3/4, -y+3/4'
  '-z, -x, -y'
  '-z+1/2, -x+1/2, -y'
  '-z+1/2, -x, -y+1/2'
  '-z, -x+1/2, -y+1/2'
  'z+1/4, x+1/4, y+1/4'
  'z+3/4, x+3/4, y+1/4'
  'z+3/4, x+1/4, y+3/4'
  'z+1/4, x+3/4, y+3/4'
  'y, x, -z'
  'y+1/2, x+1/2, -z'
  'y+1/2, x, -z+1/2'
  'y, x+1/2, -z+1/2'
  '-y+1/4, -x+1/4, z+1/4'
  '-y+3/4, -x+3/4, z+1/4'
  '-y+3/4, -x+1/4, z+3/4'
  '-y+1/4, -x+3/4, z+3/4'
  '-y, -x, z'
  '-y+1/2, -x+1/2, z'
  '-y+1/2, -x, z+1/2'
  '-y, -x+1/2, z+1/2'
  'y+1/4, x+1/4, -z+1/4'
  'y+3/4, x+3/4, -z+1/4'
  'y+3/4, x+1/4, -z+3/4'
  'y+1/4, x+3/4, -z+3/4'
  'x, z, -y'
  'x+1/2, z+1/2, -y'
  'x+1/2, z, -y+1/2'
  'x, z+1/2, -y+1/2'
  '-x+1/4, -z+1/4, y+1/4'
  '-x+3/4, -z+3/4, y+1/4'
  '-x+3/4, -z+1/4, y+3/4'
  '-x+1/4, -z+3/4, y+3/4'
  '-x, -z, y'
  '-x+1/2, -z+1/2, y'
  '-x+1/2, -z, y+1/2'
  '-x, -z+1/2, y+1/2'
  'x+1/4, z+1/4, -y+1/4'
  'x+3/4, z+3/4, -y+1/4'
  'x+3/4, z+1/4, -y+3/4'
  'x+1/4, z+3/4, -y+3/4'
  'z, y, -x'
  'z+1/2, y+1/2, -x'
  'z+1/2, y, -x+1/2'
  'z, y+1/2, -x+1/2'
  '-z+1/4, -y+1/4, x+1/4'
  '-z+3/4, -y+3/4, x+1/4'
  '-z+3/4, -y+1/4, x+3/4'
  '-z+1/4, -y+3/4, x+3/4'
  '-z, -y, x'
  '-z+1/2, -y+1/2, x'
  '-z+1/2, -y, x+1/2'
  '-z, -y+1/2, x+1/2'
  'z+1/4, y+1/4, -x+1/4'
  'z+3/4, y+3/4, -x+1/4'
  'z+3/4, y+1/4, -x+3/4'
  'z+1/4, y+3/4, -x+3/4'
  'x, -y, z'
  'x+1/2, -y+1/2, z'
  'x+1/2, -y, z+1/2'
  'x, -y+1/2, z+1/2'
  '-x+1/4, y+1/4, -z+1/4'
  '-x+3/4, y+3/4, -z+1/4'
  '-x+3/4, y+1/4, -z+3/4'
  '-x+1/4, y+3/4, -z+3/4'
  '-x, y, -z'
  '-x+1/2, y+1/2, -z'
  '-x+1/2, y, -z+1/2'
  '-x, y+1/2, -z+1/2'
  'x+1/4, -y+1/4, z+1/4'
  'x+3/4, -y+3/4, z+1/4'
  'x+3/4, -y+1/4, z+3/4'
  'x+1/4, -y+3/4, z+3/4'
  '-x, z, y'
  '-x+1/2, z+1/2, y'
  '-x+1/2, z, y+1/2'
  '-x, z+1/2, y+1/2'
  'x+1/4, -z+1/4, -y+1/4'
  'x+3/4, -z+3/4, -y+1/4'
  'x+3/4, -z+1/4, -y+3/4'
  'x+1/4, -z+3/4, -y+3/4'
  'x, -z, -y'
  'x+1/2, -z+1/2, -y'
  'x+1/2, -z, -y+1/2'
  'x, -z+1/2, -y+1/2'
  '-x+1/4, z+1/4, y+1/4'
  '-x+3/4, z+3/4, y+1/4'
  '-x+3/4, z+1/4, y+3/4'
  '-x+1/4, z+3/4, y+3/4'
  'y, -x, z'
  'y+1/2, -x+1/2, z'
  'y+1/2, -x, z+1/2'
  'y, -x+1/2, z+1/2'
  '-y+1/4, x+1/4, -z+1/4'
  '-y+3/4, x+3/4, -z+1/4'
  '-y+3/4, x+1/4, -z+3/4'
  '-y+1/4, x+3/4, -z+3/4'
  '-y, x, -z'
  '-y+1/2, x+1/2, -z'
  '-y+1/2, x, -z+1/2'
  '-y, x+1/2, -z+1/2'
  'y+1/4, -x+1/4, z+1/4'
  'y+3/4, -x+3/4, z+1/4'
  'y+3/4, -x+1/4, z+3/4'
  'y+1/4, -x+3/4, z+3/4'
  '-z, y, x'
  '-z+1/2, y+1/2, x'
  '-z+1/2, y, x+1/2'
  '-z, y+1/2, x+1/2'
  'z+1/4, -y+1/4, -x+1/4'
  'z+3/4, -y+3/4, -x+1/4'
  'z+3/4, -y+1/4, -x+3/4'
  'z+1/4, -y+3/4, -x+3/4'
  'z, -y, -x'
  'z+1/2, -y+1/2, -x'
  'z+1/2, -y, -x+1/2'
  'z, -y+1/2, -x+1/2'
  '-z+1/4, y+1/4, x+1/4'
  '-z+3/4, y+3/4, x+1/4'
  '-z+3/4, y+1/4, x+3/4'
  '-z+1/4, y+3/4, x+3/4'

loop_
_atom_site_label
_atom_site_type_symbol
_atom_site_symmetry_multiplicity
_atom_site_Wyckoff_label
_atom_site_fract_x
_atom_site_fract_y
_atom_site_fract_z
_atom_site_occupancy
C1  C  8  a  0.125  0.125  0.125  1.0
```","data_C_diamond
_audit_creation_method           'Generated by AI'
_chemical_name_systematic        'Carbon'
_chemical_formula_sum            'C'
_chemical_formula_structural     'C'

_symmetry_space_group_name_H-M   'F d -3 m'
_symmetry_Int_Tables_number      227

_cell_length_a                   3.567
_cell_length_b                   3.567
_cell_length_c                   3.567
_cell_angle_alpha                90
_cell_angle_beta                 90
_cell_angle_gamma                90
_cell_volume                     45.38
_cell_formula_units_Z            8

loop_
_symmetry_equiv_pos_as_xyz
  'x, y, z'
  'x+1/2, y+1/2, z'
  'x+1/2, y, z+1/2'
  'x, y+1/2, z+1/2'
  '-x+1/4, -y+1/4, -z+1/4'
  '-x+3/4, -y+3/4, -z+1/4'
  '-x+3/4, -y+1/4, -z+3/4'
  '-x+1/4, -y+3/4, -z+3/4'
  '-x, -y, -z'
  '-x+1/2, -y+1/2, -z'
  '-x+1/2, -y, -z+1/2'
  '-x, -y+1/2, -z+1/2'
  'x+1/4, y+1/4, z+1/4'
  'x+3/4, y+3/4, z+1/4'
  'x+3/4, y+1/4, z+3/4'
  'x+1/4, y+3/4, z+3/4'
  'y, z, x'
  'y+1/2, z+1/2, x'
  'y+1/2, z, x+1/2'
  'y, z+1/2, x+1/2'
  '-y+1/4, -z+1/4, -x+1/4'
  '-y+3/4, -z+3/4, -x+1/4'
  '-y+3/4, -z+1/4, -x+3/4'
  '-y+1/4, -z+3/4, -x+3/4'
  '-y, -z, -x'
  '-y+1/2, -z+1/2, -x'
  '-y+1/2, -z, -x+1/2'
  '-y, -z+1/2, -x+1/2'
  'y+1/4, z+1/4, x+1/4'
  'y+3/4, z+3/4, x+1/4'
  'y+3/4, z+1/4, x+3/4'
  'y+1/4, z+3/4, x+3/4'
  'z, x, y'
  'z+1/2, x+1/2, y'
  'z+1/2, x, y+1/2'
  'z, x+1/2, y+1/2'
  '-z+1/4, -x+1/4, -y+1/4'
  '-z+3/4, -x+3/4, -y+1/4'
  '-z+3/4, -x+1/4, -y+3/4'
  '-z+1/4, -x+3/4, -y+3/4'
  '-z, -x, -y'
  '-z+1/2, -x+1/2, -y'
  '-z+1/2, -x, -y+1/2'
  '-z, -x+1/2, -y+1/2'
  'z+1/4, x+1/4, y+1/4'
  'z+3/4, x+3/4, y+1/4'
  'z+3/4, x+1/4, y+3/4'
  'z+1/4, x+3/4, y+3/4'
  'y, x, -z'
  'y+1/2, x+1/2, -z'
  'y+1/2, x, -z+1/2'
  'y, x+1/2, -z+1/2'
  '-y+1/4, -x+1/4, z+1/4'
  '-y+3/4, -x+3/4, z+1/4'
  '-y+3/4, -x+1/4, z+3/4'
  '-y+1/4, -x+3/4, z+3/4'
  '-y, -x, z'
  '-y+1/2, -x+1/2, z'
  '-y+1/2, -x, z+1/2'
  '-y, -x+1/2, z+1/2'
  'y+1/4, x+1/4, -z+1/4'
  'y+3/4, x+3/4, -z+1/4'
  'y+3/4, x+1/4, -z+3/4'
  'y+1/4, x+3/4, -z+3/4'
  'x, z, -y'
  'x+1/2, z+1/2, -y'
  'x+1/2, z, -y+1/2'
  'x, z+1/2, -y+1/2'
  '-x+1/4, -z+1/4, y+1/4'
  '-x+3/4, -z+3/4, y+1/4'
  '-x+3/4, -z+1/4, y+3/4'
  '-x+1/4, -z+3/4, y+3/4'
  '-x, -z, y'
  '-x+1/2, -z+1/2, y'
  '-x+1/2, -z, y+1/2'
  '-x, -z+1/2, y+1/2'
  'x+1/4, z+1/4, -y+1/4'
  'x+3/4, z+3/4, -y+1/4'
  'x+3/4, z+1/4, -y+3/4'
  'x+1/4, z+3/4, -y+3/4'
  'z, y, -x'
  'z+1/2, y+1/2, -x'
  'z+1/2, y, -x+1/2'
  'z, y+1/2, -x+1/2'
  '-z+1/4, -y+1/4, x+1/4'
  '-z+3/4, -y+3/4, x+1/4'
  '-z+3/4, -y+1/4, x+3/4'
  '-z+1/4, -y+3/4, x+3/4'
  '-z, -y, x'
  '-z+1/2, -y+1/2, x'
  '-z+1/2, -y, x+1/2'
  '-z, -y+1/2, x+1/2'
  'z+1/4, y+1/4, -x+1/4'
  'z+3/4, y+3/4, -x+1/4'
  'z+3/4, y+1/4, -x+3/4'
  'z+1/4, y+3/4, -x+3/4'
  'x, -y, z'
  'x+1/2, -y+1/2, z'
  'x+1/2, -y, z+1/2'
  'x, -y+1/2, z+1/2'
  '-x+1/4, y+1/4, -z+1/4'
  '-x+3/4, y+3/4, -z+1/4'
  '-x+3/4, y+1/4, -z+3/4'
  '-x+1/4, y+3/4, -z+3/4'
  '-x, y, -z'
  '-x+1/2, y+1/2, -z'
  '-x+1/2, y, -z+1/2'
  '-x, y+1/2, -z+1/2'
  'x+1/4, -y+1/4, z+1/4'
  'x+3/4, -y+3/4, z+1/4'
  'x+3/4, -y+1/4, z+3/4'
  'x+1/4, -y+3/4, z+3/4'
  '-x, z, y'
  '-x+1/2, z+1/2, y'
  '-x+1/2, z, y+1/2'
  '-x, z+1/2, y+1/2'
  'x+1/4, -z+1/4, -y+1/4'
  'x+3/4, -z+3/4, -y+1/4'
  'x+3/4, -z+1/4, -y+3/4'
  'x+1/4, -z+3/4, -y+3/4'
  'x, -z, -y'
  'x+1/2, -z+1/2, -y'
  'x+1/2, -z, -y+1/2'
  'x, -z+1/2, -y+1/2'
  '-x+1/4, z+1/4, y+1/4'
  '-x+3/4, z+3/4, y+1/4'
  '-x+3/4, z+1/4, y+3/4'
  '-x+1/4, z+3/4, y+3/4'
  'y, -x, z'
  'y+1/2, -x+1/2, z'
  'y+1/2, -x, z+1/2'
  'y, -x+1/2, z+1/2'
  '-y+1/4, x+1/4, -z+1/4'
  '-y+3/4, x+3/4, -z+1/4'
  '-y+3/4, x+1/4, -z+3/4'
  '-y+1/4, x+3/4, -z+3/4'
  '-y, x, -z'
  '-y+1/2, x+1/2, -z'
  '-y+1/2, x, -z+1/2'
  '-y, x+1/2, -z+1/2'
  'y+1/4, -x+1/4, z+1/4'
  'y+3/4, -x+3/4, z+1/4'
  'y+3/4, -x+1/4, z+3/4'
  'y+1/4, -x+3/4, z+3/4'
  '-z, y, x'
  '-z+1/2, y+1/2, x'
  '-z+1/2, y, x+1/2'
  '-z, y+1/2, x+1/2'
  'z+1/4, -y+1/4, -x+1/4'
  'z+3/4, -y+3/4, -x+1/4'
  'z+3/4, -y+1/4, -x+3/4'
  'z+1/4, -y+3/4, -x+3/4'
  'z, -y, -x'
  'z+1/2, -y+1/2, -x'
  'z+1/2, -y, -x+1/2'
  'z, -y+1/2, -x+1/2'
  '-z+1/4, y+1/4, x+1/4'
  '-z+3/4, y+3/4, x+1/4'
  '-z+3/4, y+1/4, x+3/4'
  '-z+1/4, y+3/4, x+3/4'

loop_
_atom_site_label
_atom_site_type_symbol
_atom_site_symmetry_multiplicity
_atom_site_Wyckoff_label
_atom_site_fract_x
_atom_site_fract_y
_atom_site_fract_z
_atom_site_occupancy
C1  C  8  a  0.125  0.125  0.125  1.0",True,False
Si,227,2,GPT-5.4,"```cif
data_Si
_audit_creation_method           'Generated by OpenAI'
_chemical_name_common            'Silicon'
_chemical_formula_structural     'Si'
_chemical_formula_sum            'Si2'
_cell_length_a                   5.431
_cell_length_b                   5.431
_cell_length_c                   5.431
_cell_angle_alpha                90
_cell_angle_beta                 90
_cell_angle_gamma                90
_cell_volume                     160.191
_cell_formula_units_Z            8

_symmetry_space_group_name_H-M   'F d -3 m'
_symmetry_Int_Tables_number      227

loop_
_symmetry_equiv_pos_as_xyz
  'x, y, z'
  'x+1/2, y+1/2, z'
  'x+1/2, y, z+1/2'
  'x, y+1/2, z+1/2'
  'y+1/4, z+1/4, x+1/4'
  'y+3/4, z+3/4, x+1/4'
  'y+3/4, z+1/4, x+3/4'
  'y+1/4, z+3/4, x+3/4'
  'z+1/4, x+1/4, y+1/4'
  'z+3/4, x+1/4, y+3/4'
  'z+1/4, x+3/4, y+3/4'
  'z+3/4, x+3/4, y+1/4'
  '-x, -y, -z'
  '-x+1/2, -y+1/2, -z'
  '-x+1/2, -y, -z+1/2'
  '-x, -y+1/2, -z+1/2'
  '-y+1/4, -z+1/4, -x+1/4'
  '-y+3/4, -z+3/4, -x+1/4'
  '-y+3/4, -z+1/4, -x+3/4'
  '-y+1/4, -z+3/4, -x+3/4'
  '-z+1/4, -x+1/4, -y+1/4'
  '-z+3/4, -x+1/4, -y+3/4'
  '-z+1/4, -x+3/4, -y+3/4'
  '-z+3/4, -x+3/4, -y+1/4'
  'y, x, z'
  'y+1/2, x+1/2, z'
  'y+1/2, x, z+1/2'
  'y, x+1/2, z+1/2'
  'x+1/4, z+1/4, y+1/4'
  'x+3/4, z+3/4, y+1/4'
  'x+3/4, z+1/4, y+3/4'
  'x+1/4, z+3/4, y+3/4'
  'z+1/4, y+1/4, x+1/4'
  'z+3/4, y+1/4, x+3/4'
  'z+1/4, y+3/4, x+3/4'
  'z+3/4, y+3/4, x+1/4'
  '-y, -x, -z'
  '-y+1/2, -x+1/2, -z'
  '-y+1/2, -x, -z+1/2'
  '-y, -x+1/2, -z+1/2'
  '-x+1/4, -z+1/4, -y+1/4'
  '-x+3/4, -z+3/4, -y+1/4'
  '-x+3/4, -z+1/4, -y+3/4'
  '-x+1/4, -z+3/4, -y+3/4'
  '-z+1/4, -y+1/4, -x+1/4'
  '-z+3/4, -y+1/4, -x+3/4'
  '-z+1/4, -y+3/4, -x+3/4'
  '-z+3/4, -y+3/4, -x+1/4'
  'x, z, y'
  'x+1/2, z+1/2, y'
  'x+1/2, z, y+1/2'
  'x, z+1/2, y+1/2'
  'z+1/4, y+1/4, x+1/4'
  'z+3/4, y+3/4, x+1/4'
  'z+3/4, y+1/4, x+3/4'
  'z+1/4, y+3/4, x+3/4'
  'y+1/4, x+1/4, z+1/4'
  'y+3/4, x+1/4, z+3/4'
  'y+1/4, x+3/4, z+3/4'
  'y+3/4, x+3/4, z+1/4'
  '-x, -z, -y'
  '-x+1/2, -z+1/2, -y'
  '-x+1/2, -z, -y+1/2'
  '-x, -z+1/2, -y+1/2'
  '-z+1/4, -y+1/4, -x+1/4'
  '-z+3/4, -y+3/4, -x+1/4'
  '-z+3/4, -y+1/4, -x+3/4'
  '-z+1/4, -y+3/4, -x+3/4'
  '-y+1/4, -x+1/4, -z+1/4'
  '-y+3/4, -x+1/4, -z+3/4'
  '-y+1/4, -x+3/4, -z+3/4'
  '-y+3/4, -x+3/4, -z+1/4'
  'z, y, x'
  'z+1/2, y+1/2, x'
  'z+1/2, y, x+1/2'
  'z, y+1/2, x+1/2'
  'y+1/4, x+1/4, z+1/4'
  'y+3/4, x+3/4, z+1/4'
  'y+3/4, x+1/4, z+3/4'
  'y+1/4, x+3/4, z+3/4'
  'x+1/4, z+1/4, y+1/4'
  'x+3/4, z+1/4, y+3/4'
  'x+1/4, z+3/4, y+3/4'
  'x+3/4, z+3/4, y+1/4'
  '-z, -y, -x'
  '-z+1/2, -y+1/2, -x'
  '-z+1/2, -y, -x+1/2'
  '-z, -y+1/2, -x+1/2'
  '-y+1/4, -x+1/4, -z+1/4'
  '-y+3/4, -x+3/4, -z+1/4'
  '-y+3/4, -x+1/4, -z+3/4'
  '-y+1/4, -x+3/4, -z+3/4'
  '-x+1/4, -z+1/4, -y+1/4'
  '-x+3/4, -z+1/4, -y+3/4'
  '-x+1/4, -z+3/4, -y+3/4'
  '-x+3/4, -z+3/4, -y+1/4'
  'z, x, y'
  'z+1/2, x+1/2, y'
  'z+1/2, x, y+1/2'
  'z, x+1/2, y+1/2'
  'x+1/4, y+1/4, z+1/4'
  'x+3/4, y+3/4, z+1/4'
  'x+3/4, y+1/4, z+3/4'
  'x+1/4, y+3/4, z+3/4'
  'y+1/4, z+1/4, x+1/4'
  'y+3/4, z+1/4, x+3/4'
  'y+1/4, z+3/4, x+3/4'
  'y+3/4, z+3/4, x+1/4'
  '-z, -x, -y'
  '-z+1/2, -x+1/2, -y'
  '-z+1/2, -x, -y+1/2'
  '-z, -x+1/2, -y+1/2'
  '-x+1/4, -y+1/4, -z+1/4'
  '-x+3/4, -y+3/4, -z+1/4'
  '-x+3/4, -y+1/4, -z+3/4'
  '-x+1/4, -y+3/4, -z+3/4'
  '-y+1/4, -z+1/4, -x+1/4'
  '-y+3/4, -z+1/4, -x+3/4'
  '-y+1/4, -z+3/4, -x+3/4'
  '-y+3/4, -z+3/4, -x+1/4'

loop_
_atom_site_label
_atom_site_type_symbol
_atom_site_symmetry_multiplicity
_atom_site_Wyckoff_label
_atom_site_fract_x
_atom_site_fract_y
_atom_site_fract_z
_atom_site_occupancy
Si1  Si  8  a  0.12500  0.12500  0.12500  1.0
```","data_Si
_audit_creation_method           'Generated by OpenAI'
_chemical_name_common            'Silicon'
_chemical_formula_structural     'Si'
_chemical_formula_sum            'Si2'
_cell_length_a                   5.431
_cell_length_b                   5.431
_cell_length_c                   5.431
_cell_angle_alpha                90
_cell_angle_beta                 90
_cell_angle_gamma                90
_cell_volume                     160.191
_cell_formula_units_Z            8

_symmetry_space_group_name_H-M   'F d -3 m'
_symmetry_Int_Tables_number      227

loop_
_symmetry_equiv_pos_as_xyz
  'x, y, z'
  'x+1/2, y+1/2, z'
  'x+1/2, y, z+1/2'
  'x, y+1/2, z+1/2'
  'y+1/4, z+1/4, x+1/4'
  'y+3/4, z+3/4, x+1/4'
  'y+3/4, z+1/4, x+3/4'
  'y+1/4, z+3/4, x+3/4'
  'z+1/4, x+1/4, y+1/4'
  'z+3/4, x+1/4, y+3/4'
  'z+1/4, x+3/4, y+3/4'
  'z+3/4, x+3/4, y+1/4'
  '-x, -y, -z'
  '-x+1/2, -y+1/2, -z'
  '-x+1/2, -y, -z+1/2'
  '-x, -y+1/2, -z+1/2'
  '-y+1/4, -z+1/4, -x+1/4'
  '-y+3/4, -z+3/4, -x+1/4'
  '-y+3/4, -z+1/4, -x+3/4'
  '-y+1/4, -z+3/4, -x+3/4'
  '-z+1/4, -x+1/4, -y+1/4'
  '-z+3/4, -x+1/4, -y+3/4'
  '-z+1/4, -x+3/4, -y+3/4'
  '-z+3/4, -x+3/4, -y+1/4'
  'y, x, z'
  'y+1/2, x+1/2, z'
  'y+1/2, x, z+1/2'
  'y, x+1/2, z+1/2'
  'x+1/4, z+1/4, y+1/4'
  'x+3/4, z+3/4, y+1/4'
  'x+3/4, z+1/4, y+3/4'
  'x+1/4, z+3/4, y+3/4'
  'z+1/4, y+1/4, x+1/4'
  'z+3/4, y+1/4, x+3/4'
  'z+1/4, y+3/4, x+3/4'
  'z+3/4, y+3/4, x+1/4'
  '-y, -x, -z'
  '-y+1/2, -x+1/2, -z'
  '-y+1/2, -x, -z+1/2'
  '-y, -x+1/2, -z+1/2'
  '-x+1/4, -z+1/4, -y+1/4'
  '-x+3/4, -z+3/4, -y+1/4'
  '-x+3/4, -z+1/4, -y+3/4'
  '-x+1/4, -z+3/4, -y+3/4'
  '-z+1/4, -y+1/4, -x+1/4'
  '-z+3/4, -y+1/4, -x+3/4'
  '-z+1/4, -y+3/4, -x+3/4'
  '-z+3/4, -y+3/4, -x+1/4'
  'x, z, y'
  'x+1/2, z+1/2, y'
  'x+1/2, z, y+1/2'
  'x, z+1/2, y+1/2'
  'z+1/4, y+1/4, x+1/4'
  'z+3/4, y+3/4, x+1/4'
  'z+3/4, y+1/4, x+3/4'
  'z+1/4, y+3/4, x+3/4'
  'y+1/4, x+1/4, z+1/4'
  'y+3/4, x+1/4, z+3/4'
  'y+1/4, x+3/4, z+3/4'
  'y+3/4, x+3/4, z+1/4'
  '-x, -z, -y'
  '-x+1/2, -z+1/2, -y'
  '-x+1/2, -z, -y+1/2'
  '-x, -z+1/2, -y+1/2'
  '-z+1/4, -y+1/4, -x+1/4'
  '-z+3/4, -y+3/4, -x+1/4'
  '-z+3/4, -y+1/4, -x+3/4'
  '-z+1/4, -y+3/4, -x+3/4'
  '-y+1/4, -x+1/4, -z+1/4'
  '-y+3/4, -x+1/4, -z+3/4'
  '-y+1/4, -x+3/4, -z+3/4'
  '-y+3/4, -x+3/4, -z+1/4'
  'z, y, x'
  'z+1/2, y+1/2, x'
  'z+1/2, y, x+1/2'
  'z, y+1/2, x+1/2'
  'y+1/4, x+1/4, z+1/4'
  'y+3/4, x+3/4, z+1/4'
  'y+3/4, x+1/4, z+3/4'
  'y+1/4, x+3/4, z+3/4'
  'x+1/4, z+1/4, y+1/4'
  'x+3/4, z+1/4, y+3/4'
  'x+1/4, z+3/4, y+3/4'
  'x+3/4, z+3/4, y+1/4'
  '-z, -y, -x'
  '-z+1/2, -y+1/2, -x'
  '-z+1/2, -y, -x+1/2'
  '-z, -y+1/2, -x+1/2'
  '-y+1/4, -x+1/4, -z+1/4'
  '-y+3/4, -x+3/4, -z+1/4'
  '-y+3/4, -x+1/4, -z+3/4'
  '-y+1/4, -x+3/4, -z+3/4'
  '-x+1/4, -z+1/4, -y+1/4'
  '-x+3/4, -z+1/4, -y+3/4'
  '-x+1/4, -z+3/4, -y+3/4'
  '-x+3/4, -z+3/4, -y+1/4'
  'z, x, y'
  'z+1/2, x+1/2, y'
  'z+1/2, x, y+1/2'
  'z, x+1/2, y+1/2'
  'x+1/4, y+1/4, z+1/4'
  'x+3/4, y+3/4, z+1/4'
  'x+3/4, y+1/4, z+3/4'
  'x+1/4, y+3/4, z+3/4'
  'y+1/4, z+1/4, x+1/4'
  'y+3/4, z+1/4, x+3/4'
  'y+1/4, z+3/4, x+3/4'
  'y+3/4, z+3/4, x+1/4'
  '-z, -x, -y'
  '-z+1/2, -x+1/2, -y'
  '-z+1/2, -x, -y+1/2'
  '-z, -x+1/2, -y+1/2'
  '-x+1/4, -y+1/4, -z+1/4'
  '-x+3/4, -y+3/4, -z+1/4'
  '-x+3/4, -y+1/4, -z+3/4'
  '-x+1/4, -y+3/4, -z+3/4'
  '-y+1/4, -z+1/4, -x+1/4'
  '-y+3/4, -z+1/4, -x+3/4'
  '-y+1/4, -z+3/4, -x+3/4'
  '-y+3/4, -z+3/4, -x+1/4'

loop_
_atom_site_label
_atom_site_type_symbol
_atom_site_symmetry_multiplicity
_atom_site_Wyckoff_label
_atom_site_fract_x
_atom_site_fract_y
_atom_site_fract_z
_atom_site_occupancy
Si1  Si  8  a  0.12500  0.12500  0.12500  1.0",True,False
GaAs,216,2,GPT-5.4,"```cif
data_GaAs
_audit_creation_method           'Generated by OpenAI'
_chemical_name_common            'Gallium arsenide'
_chemical_formula_structural     'GaAs'
_chemical_formula_sum            'Ga As'
_cell_length_a                   5.6533
_cell_length_b                   5.6533
_cell_length_c                   5.6533
_cell_angle_alpha                90
_cell_angle_beta                 90
_cell_angle_gamma                90
_cell_volume                     180.61
_cell_formula_units_Z            4

_symmetry_space_group_name_H-M   'F -4 3 m'
_symmetry_Int_Tables_number      216

loop_
_symmetry_equiv_pos_as_xyz
  'x, y, z'
  'x, -y, -z'
  '-x, y, -z'
  '-x, -y, z'
  'y, z, x'
  'y, -z, -x'
  '-y, z, -x'
  '-y, -z, x'
  'z, x, y'
  'z, -x, -y'
  '-z, x, -y'
  '-z, -x, y'
  'y, x, -z'
  'y, -x, z'
  '-y, x, z'
  '-y, -x, -z'
  'x, z, -y'
  'x, -z, y'
  '-x, z, y'
  '-x, -z, -y'
  'z, y, -x'
  'z, -y, x'
  '-z, y, x'
  '-z, -y, -x'
  '1/2+x, 1/2+y, z'
  '1/2+x, 1/2-y, -z'
  '1/2-x, 1/2+y, -z'
  '1/2-x, 1/2-y, z'
  '1/2+y, 1/2+z, x'
  '1/2+y, 1/2-z, -x'
  '1/2-y, 1/2+z, -x'
  '1/2-y, 1/2-z, x'
  '1/2+z, 1/2+x, y'
  '1/2+z, 1/2-x, -y'
  '1/2-z, 1/2+x, -y'
  '1/2-z, 1/2-x, y'
  '1/2+y, 1/2+x, -z'
  '1/2+y, 1/2-x, z'
  '1/2-y, 1/2+x, z'
  '1/2-y, 1/2-x, -z'
  '1/2+x, 1/2+z, -y'
  '1/2+x, 1/2-z, y'
  '1/2-x, 1/2+z, y'
  '1/2-x, 1/2-z, -y'
  '1/2+z, 1/2+y, -x'
  '1/2+z, 1/2-y, x'
  '1/2-z, 1/2+y, x'
  '1/2-z, 1/2-y, -x'

loop_
_atom_type_symbol
_atom_type_oxidation_number
  Ga  3
  As -3

loop_
_atom_site_label
_atom_site_type_symbol
_atom_site_symmetry_multiplicity
_atom_site_Wyckoff_label
_atom_site_fract_x
_atom_site_fract_y
_atom_site_fract_z
_atom_site_occupancy
  Ga1  Ga  4  a  0.00000  0.00000  0.00000  1.0
  As1  As  4  c  0.25000  0.25000  0.25000  1.0
```","data_GaAs
_audit_creation_method           'Generated by OpenAI'
_chemical_name_common            'Gallium arsenide'
_chemical_formula_structural     'GaAs'
_chemical_formula_sum            'Ga As'
_cell_length_a                   5.6533
_cell_length_b                   5.6533
_cell_length_c                   5.6533
_cell_angle_alpha                90
_cell_angle_beta                 90
_cell_angle_gamma                90
_cell_volume                     180.61
_cell_formula_units_Z            4

_symmetry_space_group_name_H-M   'F -4 3 m'
_symmetry_Int_Tables_number      216

loop_
_symmetry_equiv_pos_as_xyz
  'x, y, z'
  'x, -y, -z'
  '-x, y, -z'
  '-x, -y, z'
  'y, z, x'
  'y, -z, -x'
  '-y, z, -x'
  '-y, -z, x'
  'z, x, y'
  'z, -x, -y'
  '-z, x, -y'
  '-z, -x, y'
  'y, x, -z'
  'y, -x, z'
  '-y, x, z'
  '-y, -x, -z'
  'x, z, -y'
  'x, -z, y'
  '-x, z, y'
  '-x, -z, -y'
  'z, y, -x'
  'z, -y, x'
  '-z, y, x'
  '-z, -y, -x'
  '1/2+x, 1/2+y, z'
  '1/2+x, 1/2-y, -z'
  '1/2-x, 1/2+y, -z'
  '1/2-x, 1/2-y, z'
  '1/2+y, 1/2+z, x'
  '1/2+y, 1/2-z, -x'
  '1/2-y, 1/2+z, -x'
  '1/2-y, 1/2-z, x'
  '1/2+z, 1/2+x, y'
  '1/2+z, 1/2-x, -y'
  '1/2-z, 1/2+x, -y'
  '1/2-z, 1/2-x, y'
  '1/2+y, 1/2+x, -z'
  '1/2+y, 1/2-x, z'
  '1/2-y, 1/2+x, z'
  '1/2-y, 1/2-x, -z'
  '1/2+x, 1/2+z, -y'
  '1/2+x, 1/2-z, y'
  '1/2-x, 1/2+z, y'
  '1/2-x, 1/2-z, -y'
  '1/2+z, 1/2+y, -x'
  '1/2+z, 1/2-y, x'
  '1/2-z, 1/2+y, x'
  '1/2-z, 1/2-y, -x'

loop_
_atom_type_symbol
_atom_type_oxidation_number
  Ga  3
  As -3

loop_
_atom_site_label
_atom_site_type_symbol
_atom_site_symmetry_multiplicity
_atom_site_Wyckoff_label
_atom_site_fract_x
_atom_site_fract_y
_atom_site_fract_z
_atom_site_occupancy
  Ga1  Ga  4  a  0.00000  0.00000  0.00000  1.0
  As1  As  4  c  0.25000  0.25000  0.25000  1.0",True,False
ZnO,186,4,GPT-5.4,"```cif
data_ZnO_wurtzite
_audit_creation_method              'Generated by AI'
_chemical_name_common              'Zinc oxide'
_chemical_formula_sum              'Zn2 O2'
_chemical_formula_structural       'ZnO'

_symmetry_space_group_name_H-M     'P 63 m c'
_symmetry_Int_Tables_number        186

_cell_length_a                     3.2495
_cell_length_b                     3.2495
_cell_length_c                     5.2069
_cell_angle_alpha                  90
_cell_angle_beta                   90
_cell_angle_gamma                  120
_cell_volume                       47.62
_cell_formula_units_Z              2

loop_
_symmetry_equiv_pos_site_id
_symmetry_equiv_pos_as_xyz
1 x, y, z
2 -y, x-y, z
3 -x+y, -x, z
4 -x, -y, z+1/2
5 y, -x+y, z+1/2
6 x-y, x, z+1/2
7 y, x, z+1/2
8 x-y, -y, z+1/2
9 -x, -x+y, z+1/2
10 -y, -x, z
11 -x+y, y, z
12 x, x-y, z

loop_
_atom_type_symbol
_atom_type_oxidation_number
Zn 2
O -2

loop_
_atom_site_label
_atom_site_type_symbol
_atom_site_symmetry_multiplicity
_atom_site_Wyckoff_label
_atom_site_fract_x
_atom_site_fract_y
_atom_site_fract_z
_atom_site_occupancy
Zn1 Zn 2 b 0.33333 0.66667 0.00000 1.0
Zn2 Zn 2 b 0.66667 0.33333 0.50000 1.0
O1  O  2 b 0.33333 0.66667 0.38250 1.0
O2  O  2 b 0.66667 0.33333 0.88250 1.0
```","data_ZnO_wurtzite
_audit_creation_method              'Generated by AI'
_chemical_name_common              'Zinc oxide'
_chemical_formula_sum              'Zn2 O2'
_chemical_formula_structural       'ZnO'

_symmetry_space_group_name_H-M     'P 63 m c'
_symmetry_Int_Tables_number        186

_cell_length_a                     3.2495
_cell_length_b                     3.2495
_cell_length_c                     5.2069
_cell_angle_alpha                  90
_cell_angle_beta                   90
_cell_angle_gamma                  120
_cell_volume                       47.62
_cell_formula_units_Z              2

loop_
_symmetry_equiv_pos_site_id
_symmetry_equiv_pos_as_xyz
1 x, y, z
2 -y, x-y, z
3 -x+y, -x, z
4 -x, -y, z+1/2
5 y, -x+y, z+1/2
6 x-y, x, z+1/2
7 y, x, z+1/2
8 x-y, -y, z+1/2
9 -x, -x+y, z+1/2
10 -y, -x, z
11 -x+y, y, z
12 x, x-y, z

loop_
_atom_type_symbol
_atom_type_oxidation_number
Zn 2
O -2

loop_
_atom_site_label
_atom_site_type_symbol
_atom_site_symmetry_multiplicity
_atom_site_Wyckoff_label
_atom_site_fract_x
_atom_site_fract_y
_atom_site_fract_z
_atom_site_occupancy
Zn1 Zn 2 b 0.33333 0.66667 0.00000 1.0
Zn2 Zn 2 b 0.66667 0.33333 0.50000 1.0
O1  O  2 b 0.33333 0.66667 0.38250 1.0
O2  O  2 b 0.66667 0.33333 0.88250 1.0",True,False
BN,194,4,GPT-5.4,"```cif
data_BN_zincblende
_audit_creation_method           'Generated by AI'
_chemical_name_common            'Boron nitride'
_chemical_formula_structural     'BN'
_chemical_formula_sum            'B1 N1'

_cell_length_a                   3.615
_cell_length_b                   3.615
_cell_length_c                   3.615
_cell_angle_alpha                90
_cell_angle_beta                 90
_cell_angle_gamma                90
_cell_volume                     47.241
_cell_formula_units_Z            4

_symmetry_space_group_name_H-M   'F -4 3 m'
_symmetry_Int_Tables_number      216

loop_
_symmetry_equiv_pos_as_xyz
  'x, y, z'
  'x, -y, -z'
  '-x, y, -z'
  '-x, -y, z'
  'y, z, x'
  'y, -z, -x'
  '-y, z, -x'
  '-y, -z, x'
  'z, x, y'
  'z, -x, -y'
  '-z, x, -y'
  '-z, -x, y'
  'y, x, -z'
  'y, -x, z'
  '-y, x, z'
  '-y, -x, -z'
  'z, y, -x'
  'z, -y, x'
  '-z, y, x'
  '-z, -y, -x'
  'x, z, -y'
  'x, -z, y'
  '-x, z, y'
  '-x, -z, -y'
  'x+1/2, y+1/2, z'
  'x+1/2, -y+1/2, -z'
  '-x+1/2, y+1/2, -z'
  '-x+1/2, -y+1/2, z'
  'y+1/2, z+1/2, x'
  'y+1/2, -z+1/2, -x'
  '-y+1/2, z+1/2, -x'
  '-y+1/2, -z+1/2, x'
  'z+1/2, x+1/2, y'
  'z+1/2, -x+1/2, -y'
  '-z+1/2, x+1/2, -y'
  '-z+1/2, -x+1/2, y'
  'y+1/2, x+1/2, -z'
  'y+1/2, -x+1/2, z'
  '-y+1/2, x+1/2, z'
  '-y+1/2, -x+1/2, -z'
  'z+1/2, y+1/2, -x'
  'z+1/2, -y+1/2, x'
  '-z+1/2, y+1/2, x'
  '-z+1/2, -y+1/2, -x'
  'x+1/2, z+1/2, -y'
  'x+1/2, -z+1/2, y'
  '-x+1/2, z+1/2, y'
  '-x+1/2, -z+1/2, -y'

loop_
_atom_site_label
_atom_site_type_symbol
_atom_site_symmetry_multiplicity
_atom_site_Wyckoff_label
_atom_site_fract_x
_atom_site_fract_y
_atom_site_fract_z
_atom_site_occupancy
B1   B   4   a   0.00000   0.00000   0.00000   1.0
N1   N   4   c   0.25000   0.25000   0.25000   1.0
```","data_BN_zincblende
_audit_creation_method           'Generated by AI'
_chemical_name_common            'Boron nitride'
_chemical_formula_structural     'BN'
_chemical_formula_sum            'B1 N1'

_cell_length_a                   3.615
_cell_length_b                   3.615
_cell_length_c                   3.615
_cell_angle_alpha                90
_cell_angle_beta                 90
_cell_angle_gamma                90
_cell_volume                     47.241
_cell_formula_units_Z            4

_symmetry_space_group_name_H-M   'F -4 3 m'
_symmetry_Int_Tables_number      216

loop_
_symmetry_equiv_pos_as_xyz
  'x, y, z'
  'x, -y, -z'
  '-x, y, -z'
  '-x, -y, z'
  'y, z, x'
  'y, -z, -x'
  '-y, z, -x'
  '-y, -z, x'
  'z, x, y'
  'z, -x, -y'
  '-z, x, -y'
  '-z, -x, y'
  'y, x, -z'
  'y, -x, z'
  '-y, x, z'
  '-y, -x, -z'
  'z, y, -x'
  'z, -y, x'
  '-z, y, x'
  '-z, -y, -x'
  'x, z, -y'
  'x, -z, y'
  '-x, z, y'
  '-x, -z, -y'
  'x+1/2, y+1/2, z'
  'x+1/2, -y+1/2, -z'
  '-x+1/2, y+1/2, -z'
  '-x+1/2, -y+1/2, z'
  'y+1/2, z+1/2, x'
  'y+1/2, -z+1/2, -x'
  '-y+1/2, z+1/2, -x'
  '-y+1/2, -z+1/2, x'
  'z+1/2, x+1/2, y'
  'z+1/2, -x+1/2, -y'
  '-z+1/2, x+1/2, -y'
  '-z+1/2, -x+1/2, y'
  'y+1/2, x+1/2, -z'
  'y+1/2, -x+1/2, z'
  '-y+1/2, x+1/2, z'
  '-y+1/2, -x+1/2, -z'
  'z+1/2, y+1/2, -x'
  'z+1/2, -y+1/2, x'
  '-z+1/2, y+1/2, x'
  '-z+1/2, -y+1/2, -x'
  'x+1/2, z+1/2, -y'
  'x+1/2, -z+1/2, y'
  '-x+1/2, z+1/2, y'
  '-x+1/2, -z+1/2, -y'

loop_
_atom_site_label
_atom_site_type_symbol
_atom_site_symmetry_multiplicity
_atom_site_Wyckoff_label
_atom_site_fract_x
_atom_site_fract_y
_atom_site_fract_z
_atom_site_occupancy
B1   B   4   a   0.00000   0.00000   0.00000   1.0
N1   N   4   c   0.25000   0.25000   0.25000   1.0",True,False
LiCoO2,227,16,GPT-5.4,"```cif
data_LiCoO2
_audit_creation_method                'Generated by OpenAI'
_chemical_name_common                 'Lithium cobalt oxide'
_chemical_formula_sum                 'Li4 Co4 O8'
_chemical_formula_structural          'LiCoO2'
_cell_length_a                        2.8150
_cell_length_b                        2.8150
_cell_length_c                        14.0500
_cell_angle_alpha                     90
_cell_angle_beta                      90
_cell_angle_gamma                     120
_cell_volume                          96.43
_cell_formula_units_Z                 4

_symmetry_space_group_name_H-M        'R -3 m'
_symmetry_Int_Tables_number           166

loop_
_symmetry_equiv_pos_as_xyz
  'x, y, z'
  '-y, x-y, z'
  '-x+y, -x, z'
  '-x, -y, -z'
  'y, -x+y, -z'
  'x-y, x, -z'
  'x+2/3, y+1/3, z+1/3'
  '-y+2/3, x-y+1/3, z+1/3'
  '-x+y+2/3, -x+1/3, z+1/3'
  '-x+2/3, -y+1/3, -z+1/3'
  'y+2/3, -x+y+1/3, -z+1/3'
  'x-y+2/3, x+1/3, -z+1/3'
  'x+1/3, y+2/3, z+2/3'
  '-y+1/3, x-y+2/3, z+2/3'
  '-x+y+1/3, -x+2/3, z+2/3'
  '-x+1/3, -y+2/3, -z+2/3'
  'y+1/3, -x+y+2/3, -z+2/3'
  'x-y+1/3, x+2/3, -z+2/3'

loop_
_atom_type_symbol
_atom_type_oxidation_number
  Li  1
  Co  3
  O  -2

loop_
_atom_site_label
_atom_site_type_symbol
_atom_site_symmetry_multiplicity
_atom_site_Wyckoff_label
_atom_site_fract_x
_atom_site_fract_y
_atom_site_fract_z
_atom_site_occupancy
  Li1  Li  3  a  0.00000  0.00000  0.00000  1.0
  Co1  Co  3  b  0.00000  0.00000  0.50000  1.0
  O1   O   6  c  0.00000  0.00000  0.24100  1.0
```","data_LiCoO2
_audit_creation_method                'Generated by OpenAI'
_chemical_name_common                 'Lithium cobalt oxide'
_chemical_formula_sum                 'Li4 Co4 O8'
_chemical_formula_structural          'LiCoO2'
_cell_length_a                        2.8150
_cell_length_b                        2.8150
_cell_length_c                        14.0500
_cell_angle_alpha                     90
_cell_angle_beta                      90
_cell_angle_gamma                     120
_cell_volume                          96.43
_cell_formula_units_Z                 4

_symmetry_space_group_name_H-M        'R -3 m'
_symmetry_Int_Tables_number           166

loop_
_symmetry_equiv_pos_as_xyz
  'x, y, z'
  '-y, x-y, z'
  '-x+y, -x, z'
  '-x, -y, -z'
  'y, -x+y, -z'
  'x-y, x, -z'
  'x+2/3, y+1/3, z+1/3'
  '-y+2/3, x-y+1/3, z+1/3'
  '-x+y+2/3, -x+1/3, z+1/3'
  '-x+2/3, -y+1/3, -z+1/3'
  'y+2/3, -x+y+1/3, -z+1/3'
  'x-y+2/3, x+1/3, -z+1/3'
  'x+1/3, y+2/3, z+2/3'
  '-y+1/3, x-y+2/3, z+2/3'
  '-x+y+1/3, -x+2/3, z+2/3'
  '-x+1/3, -y+2/3, -z+2/3'
  'y+1/3, -x+y+2/3, -z+2/3'
  'x-y+1/3, x+2/3, -z+2/3'

loop_
_atom_type_symbol
_atom_type_oxidation_number
  Li  1
  Co  3
  O  -2

loop_
_atom_site_label
_atom_site_type_symbol
_atom_site_symmetry_multiplicity
_atom_site_Wyckoff_label
_atom_site_fract_x
_atom_site_fract_y
_atom_site_fract_z
_atom_site_occupancy
  Li1  Li  3  a  0.00000  0.00000  0.00000  1.0
  Co1  Co  3  b  0.00000  0.00000  0.50000  1.0
  O1   O   6  c  0.00000  0.00000  0.24100  1.0",True,False
Bi2Te3,166,5,GPT-5.4,"```cif
data_Bi2Te3
_audit_creation_method            'Generated by OpenAI'
_chemical_name_common             'Bismuth telluride'
_chemical_formula_sum             'Bi2 Te3'
_chemical_formula_structural      'Bi2Te3'

_symmetry_space_group_name_H-M    'R-3m'
_symmetry_Int_Tables_number       166

_cell_length_a                    4.386
_cell_length_b                    4.386
_cell_length_c                    30.497
_cell_angle_alpha                 90
_cell_angle_beta                  90
_cell_angle_gamma                 120
_cell_volume                      507.6
_cell_formula_units_Z             3

loop_
_symmetry_equiv_pos_as_xyz
  'x,y,z'
  '-y,x-y,z'
  '-x+y,-x,z'
  '-x,-y,-z'
  'y,-x+y,-z'
  'x-y,x,-z'

loop_
_atom_type_symbol
_atom_type_oxidation_number
  Bi  3
  Te -2

loop_
_atom_site_label
_atom_site_type_symbol
_atom_site_symmetry_multiplicity
_atom_site_Wyckoff_label
_atom_site_fract_x
_atom_site_fract_y
_atom_site_fract_z
_atom_site_occupancy
  Bi1  Bi  6  c  0.00000  0.00000  0.39900  1.0
  Te1  Te  3  a  0.00000  0.00000  0.00000  1.0
  Te2  Te  6  c  0.00000  0.00000  0.20900  1.0
```","data_Bi2Te3
_audit_creation_method            'Generated by OpenAI'
_chemical_name_common             'Bismuth telluride'
_chemical_formula_sum             'Bi2 Te3'
_chemical_formula_structural      'Bi2Te3'

_symmetry_space_group_name_H-M    'R-3m'
_symmetry_Int_Tables_number       166

_cell_length_a                    4.386
_cell_length_b                    4.386
_cell_length_c                    30.497
_cell_angle_alpha                 90
_cell_angle_beta                  90
_cell_angle_gamma                 120
_cell_volume                      507.6
_cell_formula_units_Z             3

loop_
_symmetry_equiv_pos_as_xyz
  'x,y,z'
  '-y,x-y,z'
  '-x+y,-x,z'
  '-x,-y,-z'
  'y,-x+y,-z'
  'x-y,x,-z'

loop_
_atom_type_symbol
_atom_type_oxidation_number
  Bi  3
  Te -2

loop_
_atom_site_label
_atom_site_type_symbol
_atom_site_symmetry_multiplicity
_atom_site_Wyckoff_label
_atom_site_fract_x
_atom_site_fract_y
_atom_site_fract_z
_atom_site_occupancy
  Bi1  Bi  6  c  0.00000  0.00000  0.39900  1.0
  Te1  Te  3  a  0.00000  0.00000  0.00000  1.0
  Te2  Te  6  c  0.00000  0.00000  0.20900  1.0",True,False
Ba(FeAs)2,139,5,GPT-5.4,"```cif
data_BaFe2As2
_audit_creation_method              'Generated by AI'
_chemical_name_common              'Barium iron arsenide'
_chemical_formula_sum              'Ba Fe2 As2'
_chemical_formula_structural       'BaFe2As2'

_symmetry_space_group_name_H-M     'I 4/mmm'
_symmetry_Int_Tables_number        139

_cell_length_a                     3.9625
_cell_length_b                     3.9625
_cell_length_c                     13.0168
_cell_angle_alpha                  90
_cell_angle_beta                   90
_cell_angle_gamma                  90
_cell_volume                       204.39
_cell_formula_units_Z              2

loop_
_symmetry_equiv_pos_as_xyz
  'x, y, z'
  '-x, -y, z'
  '-y, x, z'
  'y, -x, z'
  '-x, y, -z'
  'x, -y, -z'
  'y, x, -z'
  '-y, -x, -z'
  'x+1/2, y+1/2, z+1/2'
  '-x+1/2, -y+1/2, z+1/2'
  '-y+1/2, x+1/2, z+1/2'
  'y+1/2, -x+1/2, z+1/2'
  '-x+1/2, y+1/2, -z+1/2'
  'x+1/2, -y+1/2, -z+1/2'
  'y+1/2, x+1/2, -z+1/2'
  '-y+1/2, -x+1/2, -z+1/2'

loop_
_atom_site_label
_atom_site_type_symbol
_atom_site_symmetry_multiplicity
_atom_site_Wyckoff_label
_atom_site_fract_x
_atom_site_fract_y
_atom_site_fract_z
_atom_site_occupancy
Ba1  Ba  2  a  0.00000  0.00000  0.00000  1.0
Fe1  Fe  4  d  0.00000  0.50000  0.25000  1.0
As1  As  4  e  0.00000  0.00000  0.35450  1.0
```","data_BaFe2As2
_audit_creation_method              'Generated by AI'
_chemical_name_common              'Barium iron arsenide'
_chemical_formula_sum              'Ba Fe2 As2'
_chemical_formula_structural       'BaFe2As2'

_symmetry_space_group_name_H-M     'I 4/mmm'
_symmetry_Int_Tables_number        139

_cell_length_a                     3.9625
_cell_length_b                     3.9625
_cell_length_c                     13.0168
_cell_angle_alpha                  90
_cell_angle_beta                   90
_cell_angle_gamma                  90
_cell_volume                       204.39
_cell_formula_units_Z              2

loop_
_symmetry_equiv_pos_as_xyz
  'x, y, z'
  '-x, -y, z'
  '-y, x, z'
  'y, -x, z'
  '-x, y, -z'
  'x, -y, -z'
  'y, x, -z'
  '-y, -x, -z'
  'x+1/2, y+1/2, z+1/2'
  '-x+1/2, -y+1/2, z+1/2'
  '-y+1/2, x+1/2, z+1/2'
  'y+1/2, -x+1/2, z+1/2'
  '-x+1/2, y+1/2, -z+1/2'
  'x+1/2, -y+1/2, -z+1/2'
  'y+1/2, x+1/2, -z+1/2'
  '-y+1/2, -x+1/2, -z+1/2'

loop_
_atom_site_label
_atom_site_type_symbol
_atom_site_symmetry_multiplicity
_atom_site_Wyckoff_label
_atom_site_fract_x
_atom_site_fract_y
_atom_site_fract_z
_atom_site_occupancy
Ba1  Ba  2  a  0.00000  0.00000  0.00000  1.0
Fe1  Fe  4  d  0.00000  0.50000  0.25000  1.0
As1  As  4  e  0.00000  0.00000  0.35450  1.0",True,True
SiO2,122,6,GPT-5.4,"```cif
data_SiO2_alpha_quartz
_audit_creation_method              'Generated by AI'

_chemical_name_common              'Silicon dioxide'
_chemical_formula_sum              'Si3 O6'
_chemical_formula_structural       'SiO2'

_cell_length_a                     4.913
_cell_length_b                     4.913
_cell_length_c                     5.405
_cell_angle_alpha                  90
_cell_angle_beta                   90
_cell_angle_gamma                  120
_cell_volume                       113.01
_cell_formula_units_Z              3

_symmetry_space_group_name_H-M     'P 31 2 1'
_symmetry_Int_Tables_number        152

loop_
_symmetry_equiv_pos_as_xyz
  'x, y, z'
  '-y, x-y, z+2/3'
  '-x+y, -x, z+1/3'
  '-x, -y, z'
  'y, -x+y, z+2/3'
  'x-y, x, z+1/3'

loop_
_atom_site_label
_atom_site_type_symbol
_atom_site_symmetry_multiplicity
_atom_site_Wyckoff_label
_atom_site_fract_x
_atom_site_fract_y
_atom_site_fract_z
_atom_site_occupancy
Si1  Si  3  a  0.4697  0.0000  0.0000  1.0
O1   O   6  c  0.4133  0.2667  0.1188  1.0
```","data_SiO2_alpha_quartz
_audit_creation_method              'Generated by AI'

_chemical_name_common              'Silicon dioxide'
_chemical_formula_sum              'Si3 O6'
_chemical_formula_structural       'SiO2'

_cell_length_a                     4.913
_cell_length_b                     4.913
_cell_length_c                     5.405
_cell_angle_alpha                  90
_cell_angle_beta                   90
_cell_angle_gamma                  120
_cell_volume                       113.01
_cell_formula_units_Z              3

_symmetry_space_group_name_H-M     'P 31 2 1'
_symmetry_Int_Tables_number        152

loop_
_symmetry_equiv_pos_as_xyz
  'x, y, z'
  '-y, x-y, z+2/3'
  '-x+y, -x, z+1/3'
  '-x, -y, z'
  'y, -x+y, z+2/3'
  'x-y, x, z+1/3'

loop_
_atom_site_label
_atom_site_type_symbol
_atom_site_symmetry_multiplicity
_atom_site_Wyckoff_label
_atom_site_fract_x
_atom_site_fract_y
_atom_site_fract_z
_atom_site_occupancy
Si1  Si  3  a  0.4697  0.0000  0.0000  1.0
O1   O   6  c  0.4133  0.2667  0.1188  1.0",True,False
VO2,136,6,GPT-5.4,"```cif
data_VO2_M1
_audit_creation_method              'Generated by AI'
_chemical_name_common              'Vanadium dioxide'
_chemical_formula_sum              'V2 O4'
_chemical_formula_structural       'VO2'

_symmetry_space_group_name_H-M     'P 1 21/c 1'
_symmetry_Int_Tables_number        14

_cell_length_a                     5.7517
_cell_length_b                     4.5378
_cell_length_c                     5.3825
_cell_angle_alpha                  90
_cell_angle_beta                   122.65
_cell_angle_gamma                  90
_cell_volume                       116.85
_cell_formula_units_Z              2

loop_
_symmetry_equiv_pos_as_xyz
  'x, y, z'
  '-x, y+1/2, -z+1/2'
  '-x, -y, -z'
  'x, -y+1/2, z+1/2'

loop_
_atom_site_label
_atom_site_type_symbol
_atom_site_symmetry_multiplicity
_atom_site_Wyckoff_label
_atom_site_fract_x
_atom_site_fract_y
_atom_site_fract_z
_atom_site_occupancy
V1  V  4  e  0.2390  0.9780  0.0260  1.0
O1  O  4  e  0.1060  0.2110  0.2080  1.0
O2  O  4  e  0.4000  0.7020  0.2930  1.0
```","data_VO2_M1
_audit_creation_method              'Generated by AI'
_chemical_name_common              'Vanadium dioxide'
_chemical_formula_sum              'V2 O4'
_chemical_formula_structural       'VO2'

_symmetry_space_group_name_H-M     'P 1 21/c 1'
_symmetry_Int_Tables_number        14

_cell_length_a                     5.7517
_cell_length_b                     4.5378
_cell_length_c                     5.3825
_cell_angle_alpha                  90
_cell_angle_beta                   122.65
_cell_angle_gamma                  90
_cell_volume                       116.85
_cell_formula_units_Z              2

loop_
_symmetry_equiv_pos_as_xyz
  'x, y, z'
  '-x, y+1/2, -z+1/2'
  '-x, -y, -z'
  'x, -y+1/2, z+1/2'

loop_
_atom_site_label
_atom_site_type_symbol
_atom_site_symmetry_multiplicity
_atom_site_Wyckoff_label
_atom_site_fract_x
_atom_site_fract_y
_atom_site_fract_z
_atom_site_occupancy
V1  V  4  e  0.2390  0.9780  0.0260  1.0
O1  O  4  e  0.1060  0.2110  0.2080  1.0
O2  O  4  e  0.4000  0.7020  0.2930  1.0",True,False
La2CuO4,139,7,GPT-5.4,"```cif
data_La2CuO4
_audit_creation_method            'Generated by AI'
_chemical_name_common            'Lanthanum copper oxide'
_chemical_formula_sum            'La2 Cu O4'
_chemical_formula_structural     'La2CuO4'

_symmetry_space_group_name_H-M   'I 4/mmm'
_symmetry_Int_Tables_number      139

_cell_length_a                   3.8030
_cell_length_b                   3.8030
_cell_length_c                   13.1500
_cell_angle_alpha                90
_cell_angle_beta                 90
_cell_angle_gamma                90
_cell_volume                     190.27
_cell_formula_units_Z            2

loop_
_symmetry_equiv_pos_as_xyz
  'x, y, z'
  '-x, -y, z'
  '-y, x, z'
  'y, -x, z'
  '-x, y, -z'
  'x, -y, -z'
  'y, x, -z'
  '-y, -x, -z'
  'x+1/2, y+1/2, z+1/2'
  '-x+1/2, -y+1/2, z+1/2'
  '-y+1/2, x+1/2, z+1/2'
  'y+1/2, -x+1/2, z+1/2'
  '-x+1/2, y+1/2, -z+1/2'
  'x+1/2, -y+1/2, -z+1/2'
  'y+1/2, x+1/2, -z+1/2'
  '-y+1/2, -x+1/2, -z+1/2'

loop_
_atom_site_label
_atom_site_type_symbol
_atom_site_symmetry_multiplicity
_atom_site_Wyckoff_label
_atom_site_fract_x
_atom_site_fract_y
_atom_site_fract_z
_atom_site_occupancy
La1  La  4  e  0.00000  0.00000  0.36150  1.0
Cu1  Cu  2  a  0.00000  0.00000  0.00000  1.0
O1   O   4  c  0.00000  0.50000  0.00000  1.0
O2   O   4  e  0.00000  0.00000  0.18300  1.0
```","data_La2CuO4
_audit_creation_method            'Generated by AI'
_chemical_name_common            'Lanthanum copper oxide'
_chemical_formula_sum            'La2 Cu O4'
_chemical_formula_structural     'La2CuO4'

_symmetry_space_group_name_H-M   'I 4/mmm'
_symmetry_Int_Tables_number      139

_cell_length_a                   3.8030
_cell_length_b                   3.8030
_cell_length_c                   13.1500
_cell_angle_alpha                90
_cell_angle_beta                 90
_cell_angle_gamma                90
_cell_volume                     190.27
_cell_formula_units_Z            2

loop_
_symmetry_equiv_pos_as_xyz
  'x, y, z'
  '-x, -y, z'
  '-y, x, z'
  'y, -x, z'
  '-x, y, -z'
  'x, -y, -z'
  'y, x, -z'
  '-y, -x, -z'
  'x+1/2, y+1/2, z+1/2'
  '-x+1/2, -y+1/2, z+1/2'
  '-y+1/2, x+1/2, z+1/2'
  'y+1/2, -x+1/2, z+1/2'
  '-x+1/2, y+1/2, -z+1/2'
  'x+1/2, -y+1/2, -z+1/2'
  'y+1/2, x+1/2, -z+1/2'
  '-y+1/2, -x+1/2, -z+1/2'

loop_
_atom_site_label
_atom_site_type_symbol
_atom_site_symmetry_multiplicity
_atom_site_Wyckoff_label
_atom_site_fract_x
_atom_site_fract_y
_atom_site_fract_z
_atom_site_occupancy
La1  La  4  e  0.00000  0.00000  0.36150  1.0
Cu1  Cu  2  a  0.00000  0.00000  0.00000  1.0
O1   O   4  c  0.00000  0.50000  0.00000  1.0
O2   O   4  e  0.00000  0.00000  0.18300  1.0",True,False
LiPF6,148,8,GPT-5.4,"```cif
data_LiPF6
_audit_creation_method           'Generated by AI'
_chemical_name_common            'Lithium hexafluorophosphate'
_chemical_formula_sum            'Li P F6'

_symmetry_space_group_name_H-M   'P 21/c'
_symmetry_Int_Tables_number      14

_cell_length_a                   5.0200
_cell_length_b                   8.6600
_cell_length_c                   7.6100
_cell_angle_alpha                90.000
_cell_angle_beta                 110.300
_cell_angle_gamma                90.000

_cell_volume                     309.6
_cell_formula_units_Z            4

loop_
_symmetry_equiv_pos_site_id
_symmetry_equiv_pos_as_xyz
1  'x, y, z'
2  '-x, y+1/2, -z+1/2'
3  '-x, -y, -z'
4  'x, -y-1/2, z-1/2'

loop_
_atom_site_label
_atom_site_type_symbol
_atom_site_symmetry_multiplicity
_atom_site_Wyckoff_label
_atom_site_fract_x
_atom_site_fract_y
_atom_site_fract_z
_atom_site_occupancy
Li1  Li  4  e  0.2500  0.1200  0.0800  1.0
P1   P   4  e  0.0000  0.2500  0.5000  1.0
F1   F   4  e  0.1600  0.3100  0.6200  1.0
F2   F   4  e  0.8400  0.1900  0.3800  1.0
F3   F   4  e  0.0900  0.4200  0.4300  1.0
F4   F   4  e  0.9100  0.0800  0.5700  1.0
F5   F   4  e  0.2100  0.1400  0.4600  1.0
F6   F   4  e  0.7900  0.3600  0.5400  1.0
```","data_LiPF6
_audit_creation_method           'Generated by AI'
_chemical_name_common            'Lithium hexafluorophosphate'
_chemical_formula_sum            'Li P F6'

_symmetry_space_group_name_H-M   'P 21/c'
_symmetry_Int_Tables_number      14

_cell_length_a                   5.0200
_cell_length_b                   8.6600
_cell_length_c                   7.6100
_cell_angle_alpha                90.000
_cell_angle_beta                 110.300
_cell_angle_gamma                90.000

_cell_volume                     309.6
_cell_formula_units_Z            4

loop_
_symmetry_equiv_pos_site_id
_symmetry_equiv_pos_as_xyz
1  'x, y, z'
2  '-x, y+1/2, -z+1/2'
3  '-x, -y, -z'
4  'x, -y-1/2, z-1/2'

loop_
_atom_site_label
_atom_site_type_symbol
_atom_site_symmetry_multiplicity
_atom_site_Wyckoff_label
_atom_site_fract_x
_atom_site_fract_y
_atom_site_fract_z
_atom_site_occupancy
Li1  Li  4  e  0.2500  0.1200  0.0800  1.0
P1   P   4  e  0.0000  0.2500  0.5000  1.0
F1   F   4  e  0.1600  0.3100  0.6200  1.0
F2   F   4  e  0.8400  0.1900  0.3800  1.0
F3   F   4  e  0.0900  0.4200  0.4300  1.0
F4   F   4  e  0.9100  0.0800  0.5700  1.0
F5   F   4  e  0.2100  0.1400  0.4600  1.0
F6   F   4  e  0.7900  0.3600  0.5400  1.0",True,False
Al2O3,167,10,GPT-5.4,"```cif
data_Al2O3_corundum
_audit_creation_method              'Generated by AI'
_chemical_name_common               'Aluminum oxide'
_chemical_name_mineral              'Corundum'
_chemical_formula_sum               'Al2 O3'

_symmetry_space_group_name_H-M      'R -3 c'
_symmetry_Int_Tables_number         167

_cell_length_a                      4.759
_cell_length_b                      4.759
_cell_length_c                      12.991
_cell_angle_alpha                   90
_cell_angle_beta                    90
_cell_angle_gamma                   120
_cell_volume                        254.98
_cell_formula_units_Z               6

loop_
_symmetry_equiv_pos_site_id
_symmetry_equiv_pos_as_xyz
1  x, y, z
2  -y, x-y, z
3  -x+y, -x, z
4  -x, -y, -z
5  y, -x+y, -z
6  x-y, x, -z
7  x+2/3, y+1/3, z+1/3
8  -y+2/3, x-y+1/3, z+1/3
9  -x+y+2/3, -x+1/3, z+1/3
10 -x+2/3, -y+1/3, -z+1/3
11 y+2/3, -x+y+1/3, -z+1/3
12 x-y+2/3, x+1/3, -z+1/3
13 x+1/3, y+2/3, z+2/3
14 -y+1/3, x-y+2/3, z+2/3
15 -x+y+1/3, -x+2/3, z+2/3
16 -x+1/3, -y+2/3, -z+2/3
17 y+1/3, -x+y+2/3, -z+2/3
18 x-y+1/3, x+2/3, -z+2/3

loop_
_atom_type_symbol
_atom_type_oxidation_number
Al  3
O  -2

loop_
_atom_site_label
_atom_site_type_symbol
_atom_site_symmetry_multiplicity
_atom_site_Wyckoff_label
_atom_site_fract_x
_atom_site_fract_y
_atom_site_fract_z
_atom_site_occupancy
Al1  Al  12  c  0.00000  0.00000  0.35218  1.0
O1   O   18  e  0.30600  0.00000  0.25000  1.0
```","data_Al2O3_corundum
_audit_creation_method              'Generated by AI'
_chemical_name_common               'Aluminum oxide'
_chemical_name_mineral              'Corundum'
_chemical_formula_sum               'Al2 O3'

_symmetry_space_group_name_H-M      'R -3 c'
_symmetry_Int_Tables_number         167

_cell_length_a                      4.759
_cell_length_b                      4.759
_cell_length_c                      12.991
_cell_angle_alpha                   90
_cell_angle_beta                    90
_cell_angle_gamma                   120
_cell_volume                        254.98
_cell_formula_units_Z               6

loop_
_symmetry_equiv_pos_site_id
_symmetry_equiv_pos_as_xyz
1  x, y, z
2  -y, x-y, z
3  -x+y, -x, z
4  -x, -y, -z
5  y, -x+y, -z
6  x-y, x, -z
7  x+2/3, y+1/3, z+1/3
8  -y+2/3, x-y+1/3, z+1/3
9  -x+y+2/3, -x+1/3, z+1/3
10 -x+2/3, -y+1/3, -z+1/3
11 y+2/3, -x+y+1/3, -z+1/3
12 x-y+2/3, x+1/3, -z+1/3
13 x+1/3, y+2/3, z+2/3
14 -y+1/3, x-y+2/3, z+2/3
15 -x+y+1/3, -x+2/3, z+2/3
16 -x+1/3, -y+2/3, -z+2/3
17 y+1/3, -x+y+2/3, -z+2/3
18 x-y+1/3, x+2/3, -z+2/3

loop_
_atom_type_symbol
_atom_type_oxidation_number
Al  3
O  -2

loop_
_atom_site_label
_atom_site_type_symbol
_atom_site_symmetry_multiplicity
_atom_site_Wyckoff_label
_atom_site_fract_x
_atom_site_fract_y
_atom_site_fract_z
_atom_site_occupancy
Al1  Al  12  c  0.00000  0.00000  0.35218  1.0
O1   O   18  e  0.30600  0.00000  0.25000  1.0",True,False
SrTiO3,140,10,GPT-5.4,"```cif
data_SrTiO3
_audit_creation_method           'Generated by AI'

_chemical_name_common            'Strontium titanate'
_chemical_formula_sum            'Sr2 Ti2 O6'
_chemical_formula_structural     'SrTiO3'

_symmetry_space_group_name_H-M   'P 4/mmm'
_symmetry_Int_Tables_number      123

_cell_length_a                   3.9050
_cell_length_b                   3.9050
_cell_length_c                   7.8100
_cell_angle_alpha                90
_cell_angle_beta                 90
_cell_angle_gamma                90
_cell_volume                     119.095
_cell_formula_units_Z            2

loop_
_symmetry_equiv_pos_as_xyz
  'x, y, z'
  '-x, -y, z'
  '-y, x, z'
  'y, -x, z'
  '-x, y, -z'
  'x, -y, -z'
  'y, x, -z'
  '-y, -x, -z'
  '-x, -y, -z'
  'x, y, -z'
  'y, -x, -z'
  '-y, x, -z'
  'x, -y, z'
  '-x, y, z'
  '-y, -x, z'
  'y, x, z'

loop_
_atom_site_label
_atom_site_type_symbol
_atom_site_symmetry_multiplicity
_atom_site_Wyckoff_label
_atom_site_fract_x
_atom_site_fract_y
_atom_site_fract_z
_atom_site_occupancy
Sr1  Sr  1  a  0.00000  0.00000  0.00000  1.0
Sr2  Sr  1  b  0.50000  0.50000  0.50000  1.0
Ti1  Ti  1  c  0.50000  0.50000  0.00000  1.0
Ti2  Ti  1  d  0.00000  0.00000  0.50000  1.0
O1   O   1  e  0.50000  0.00000  0.00000  1.0
O2   O   1  f  0.00000  0.50000  0.00000  1.0
O3   O   1  g  0.50000  0.50000  0.25000  1.0
O4   O   1  h  0.00000  0.50000  0.50000  1.0
O5   O   1  i  0.50000  0.00000  0.50000  1.0
O6   O   1  j  0.00000  0.00000  0.25000  1.0
```","data_SrTiO3
_audit_creation_method           'Generated by AI'

_chemical_name_common            'Strontium titanate'
_chemical_formula_sum            'Sr2 Ti2 O6'
_chemical_formula_structural     'SrTiO3'

_symmetry_space_group_name_H-M   'P 4/mmm'
_symmetry_Int_Tables_number      123

_cell_length_a                   3.9050
_cell_length_b                   3.9050
_cell_length_c                   7.8100
_cell_angle_alpha                90
_cell_angle_beta                 90
_cell_angle_gamma                90
_cell_volume                     119.095
_cell_formula_units_Z            2

loop_
_symmetry_equiv_pos_as_xyz
  'x, y, z'
  '-x, -y, z'
  '-y, x, z'
  'y, -x, z'
  '-x, y, -z'
  'x, -y, -z'
  'y, x, -z'
  '-y, -x, -z'
  '-x, -y, -z'
  'x, y, -z'
  'y, -x, -z'
  '-y, x, -z'
  'x, -y, z'
  '-x, y, z'
  '-y, -x, z'
  'y, x, z'

loop_
_atom_site_label
_atom_site_type_symbol
_atom_site_symmetry_multiplicity
_atom_site_Wyckoff_label
_atom_site_fract_x
_atom_site_fract_y
_atom_site_fract_z
_atom_site_occupancy
Sr1  Sr  1  a  0.00000  0.00000  0.00000  1.0
Sr2  Sr  1  b  0.50000  0.50000  0.50000  1.0
Ti1  Ti  1  c  0.50000  0.50000  0.00000  1.0
Ti2  Ti  1  d  0.00000  0.00000  0.50000  1.0
O1   O   1  e  0.50000  0.00000  0.00000  1.0
O2   O   1  f  0.00000  0.50000  0.00000  1.0
O3   O   1  g  0.50000  0.50000  0.25000  1.0
O4   O   1  h  0.00000  0.50000  0.50000  1.0
O5   O   1  i  0.50000  0.00000  0.50000  1.0
O6   O   1  j  0.00000  0.00000  0.25000  1.0",False,False
CaCO3,167,10,GPT-5.4,"```cif
data_CaCO3_calcite
_audit_creation_method            'Generated by AI'
_chemical_name_common             'Calcium carbonate'
_chemical_formula_sum             'C Ca O3'
_chemical_formula_structural      'CaCO3'

_symmetry_space_group_name_H-M    'R -3 c'
_symmetry_Int_Tables_number       167

_cell_length_a                    4.9896
_cell_length_b                    4.9896
_cell_length_c                    17.0610
_cell_angle_alpha                 90
_cell_angle_beta                  90
_cell_angle_gamma                 120
_cell_volume                      367.76
_cell_formula_units_Z             6

loop_
_symmetry_equiv_pos_as_xyz
  x,y,z
  -y,x-y,z
  -x+y,-x,z
  -x,-y,-z
  y,-x+y,-z
  x-y,x,-z
  y,x,1/2-z
  x-y,-y,1/2-z
  -x,-x+y,1/2-z
  -y,-x,1/2+z
  -x+y,y,1/2+z
  x,x-y,1/2+z

loop_
_atom_site_label
_atom_site_type_symbol
_atom_site_symmetry_multiplicity
_atom_site_Wyckoff_label
_atom_site_fract_x
_atom_site_fract_y
_atom_site_fract_z
_atom_site_occupancy
Ca1  Ca  6  b  0.00000  0.00000  0.00000  1.0
C1   C   6  a  0.00000  0.00000  0.25000  1.0
O1   O   18 e  0.25670  0.00000  0.25000  1.0
```","data_CaCO3_calcite
_audit_creation_method            'Generated by AI'
_chemical_name_common             'Calcium carbonate'
_chemical_formula_sum             'C Ca O3'
_chemical_formula_structural      'CaCO3'

_symmetry_space_group_name_H-M    'R -3 c'
_symmetry_Int_Tables_number       167

_cell_length_a                    4.9896
_cell_length_b                    4.9896
_cell_length_c                    17.0610
_cell_angle_alpha                 90
_cell_angle_beta                  90
_cell_angle_gamma                 120
_cell_volume                      367.76
_cell_formula_units_Z             6

loop_
_symmetry_equiv_pos_as_xyz
  x,y,z
  -y,x-y,z
  -x+y,-x,z
  -x,-y,-z
  y,-x+y,-z
  x-y,x,-z
  y,x,1/2-z
  x-y,-y,1/2-z
  -x,-x+y,1/2-z
  -y,-x,1/2+z
  -x+y,y,1/2+z
  x,x-y,1/2+z

loop_
_atom_site_label
_atom_site_type_symbol
_atom_site_symmetry_multiplicity
_atom_site_Wyckoff_label
_atom_site_fract_x
_atom_site_fract_y
_atom_site_fract_z
_atom_site_occupancy
Ca1  Ca  6  b  0.00000  0.00000  0.00000  1.0
C1   C   6  a  0.00000  0.00000  0.25000  1.0
O1   O   18 e  0.25670  0.00000  0.25000  1.0",True,False
TiO2,12,12,GPT-5.4,"```cif
data_TiO2_rutile
_audit_creation_method           'Generated by AI'
_chemical_name_common            'Titanium dioxide'
_chemical_formula_sum            'Ti2 O4'
_chemical_formula_structural     'TiO2'

_symmetry_space_group_name_H-M   'P 42/m n m'
_symmetry_Int_Tables_number      136

_cell_length_a                   4.5937
_cell_length_b                   4.5937
_cell_length_c                   2.9587
_cell_angle_alpha                90
_cell_angle_beta                 90
_cell_angle_gamma                90
_cell_volume                     62.402

_cell_formula_units_Z            2

loop_
_symmetry_equiv_pos_site_id
_symmetry_equiv_pos_as_xyz
1  'x, y, z'
2  '-x, -y, z'
3  '-y+1/2, x+1/2, z+1/2'
4  'y+1/2, -x+1/2, z+1/2'
5  '-x, -y, -z'
6  'x, y, -z'
7  'y+1/2, -x+1/2, -z+1/2'
8  '-y+1/2, x+1/2, -z+1/2'

loop_
_atom_site_label
_atom_site_type_symbol
_atom_site_symmetry_multiplicity
_atom_site_Wyckoff_label
_atom_site_fract_x
_atom_site_fract_y
_atom_site_fract_z
_atom_site_occupancy
Ti1  Ti  2  a  0.00000  0.00000  0.00000  1.0
O1   O   4  f  0.30496  0.30496  0.00000  1.0
```","data_TiO2_rutile
_audit_creation_method           'Generated by AI'
_chemical_name_common            'Titanium dioxide'
_chemical_formula_sum            'Ti2 O4'
_chemical_formula_structural     'TiO2'

_symmetry_space_group_name_H-M   'P 42/m n m'
_symmetry_Int_Tables_number      136

_cell_length_a                   4.5937
_cell_length_b                   4.5937
_cell_length_c                   2.9587
_cell_angle_alpha                90
_cell_angle_beta                 90
_cell_angle_gamma                90
_cell_volume                     62.402

_cell_formula_units_Z            2

loop_
_symmetry_equiv_pos_site_id
_symmetry_equiv_pos_as_xyz
1  'x, y, z'
2  '-x, -y, z'
3  '-y+1/2, x+1/2, z+1/2'
4  'y+1/2, -x+1/2, z+1/2'
5  '-x, -y, -z'
6  'x, y, -z'
7  'y+1/2, -x+1/2, -z+1/2'
8  '-y+1/2, x+1/2, -z+1/2'

loop_
_atom_site_label
_atom_site_type_symbol
_atom_site_symmetry_multiplicity
_atom_site_Wyckoff_label
_atom_site_fract_x
_atom_site_fract_y
_atom_site_fract_z
_atom_site_occupancy
Ti1  Ti  2  a  0.00000  0.00000  0.00000  1.0
O1   O   4  f  0.30496  0.30496  0.00000  1.0",True,False
ZrO2,14,12,GPT-5.4,"```cif
data_ZrO2_monoclinic
_audit_creation_method           'Generated by AI'
_chemical_name_common           'Zirconium dioxide'
_chemical_formula_sum           'Zr O2'

_symmetry_space_group_name_H-M  'P 1 21/c 1'
_symmetry_Int_Tables_number     14

_cell_length_a                  5.145
_cell_length_b                  5.207
_cell_length_c                  5.317
_cell_angle_alpha               90
_cell_angle_beta                99.23
_cell_angle_gamma               90
_cell_volume                    140.1
_cell_formula_units_Z           4

loop_
_symmetry_equiv_pos_as_xyz
  'x, y, z'
  '-x, y+1/2, -z+1/2'
  '-x, -y, -z'
  'x, -y+1/2, z+1/2'

loop_
_atom_site_label
_atom_site_type_symbol
_atom_site_symmetry_multiplicity
_atom_site_Wyckoff_label
_atom_site_fract_x
_atom_site_fract_y
_atom_site_fract_z
_atom_site_occupancy
Zr1  Zr  4  e  0.2756  0.0395  0.2081  1.0
O1   O   4  e  0.0690  0.3332  0.3447  1.0
O2   O   4  e  0.4493  0.7558  0.4798  1.0
```","data_ZrO2_monoclinic
_audit_creation_method           'Generated by AI'
_chemical_name_common           'Zirconium dioxide'
_chemical_formula_sum           'Zr O2'

_symmetry_space_group_name_H-M  'P 1 21/c 1'
_symmetry_Int_Tables_number     14

_cell_length_a                  5.145
_cell_length_b                  5.207
_cell_length_c                  5.317
_cell_angle_alpha               90
_cell_angle_beta                99.23
_cell_angle_gamma               90
_cell_volume                    140.1
_cell_formula_units_Z           4

loop_
_symmetry_equiv_pos_as_xyz
  'x, y, z'
  '-x, y+1/2, -z+1/2'
  '-x, -y, -z'
  'x, -y+1/2, z+1/2'

loop_
_atom_site_label
_atom_site_type_symbol
_atom_site_symmetry_multiplicity
_atom_site_Wyckoff_label
_atom_site_fract_x
_atom_site_fract_y
_atom_site_fract_z
_atom_site_occupancy
Zr1  Zr  4  e  0.2756  0.0395  0.2081  1.0
O1   O   4  e  0.0690  0.3332  0.3447  1.0
O2   O   4  e  0.4493  0.7558  0.4798  1.0",True,True
ZrTe5,63,12,GPT-5.4,"```cif
data_ZrTe5
_audit_creation_method            'Generated by AI'
_chemical_name_common            'Zirconium pentatelluride'
_chemical_formula_sum            'Zr2 Te10'
_chemical_formula_structural     'ZrTe5'
_symmetry_space_group_name_H-M   'Cmcm'
_symmetry_Int_Tables_number      63

_cell_length_a                   3.9870
_cell_length_b                   14.4930
_cell_length_c                   13.7270
_cell_angle_alpha                90
_cell_angle_beta                 90
_cell_angle_gamma                90
_cell_volume                     792.86
_cell_formula_units_Z            2

loop_
_symmetry_equiv_pos_site_id
_symmetry_equiv_pos_as_xyz
1  'x, y, z'
2  '-x, -y, z'
3  '-x, y, -z'
4  'x, -y, -z'
5  'x+1/2, y+1/2, z+1/2'
6  '-x+1/2, -y+1/2, z+1/2'
7  '-x+1/2, y+1/2, -z+1/2'
8  'x+1/2, -y+1/2, -z+1/2'

loop_
_atom_site_label
_atom_site_type_symbol
_atom_site_symmetry_multiplicity
_atom_site_Wyckoff_label
_atom_site_fract_x
_atom_site_fract_y
_atom_site_fract_z
_atom_site_occupancy
Zr1   Zr   4   c   0.00000   0.31100   0.25000   1.0
Te1   Te   4   c   0.00000   0.06200   0.25000   1.0
Te2   Te   4   c   0.00000   0.43800   0.25000   1.0
Te3   Te   4   c   0.00000   0.18600   0.02600   1.0
```","data_ZrTe5
_audit_creation_method            'Generated by AI'
_chemical_name_common            'Zirconium pentatelluride'
_chemical_formula_sum            'Zr2 Te10'
_chemical_formula_structural     'ZrTe5'
_symmetry_space_group_name_H-M   'Cmcm'
_symmetry_Int_Tables_number      63

_cell_length_a                   3.9870
_cell_length_b                   14.4930
_cell_length_c                   13.7270
_cell_angle_alpha                90
_cell_angle_beta                 90
_cell_angle_gamma                90
_cell_volume                     792.86
_cell_formula_units_Z            2

loop_
_symmetry_equiv_pos_site_id
_symmetry_equiv_pos_as_xyz
1  'x, y, z'
2  '-x, -y, z'
3  '-x, y, -z'
4  'x, -y, -z'
5  'x+1/2, y+1/2, z+1/2'
6  '-x+1/2, -y+1/2, z+1/2'
7  '-x+1/2, y+1/2, -z+1/2'
8  'x+1/2, -y+1/2, -z+1/2'

loop_
_atom_site_label
_atom_site_type_symbol
_atom_site_symmetry_multiplicity
_atom_site_Wyckoff_label
_atom_site_fract_x
_atom_site_fract_y
_atom_site_fract_z
_atom_site_occupancy
Zr1   Zr   4   c   0.00000   0.31100   0.25000   1.0
Te1   Te   4   c   0.00000   0.06200   0.25000   1.0
Te2   Te   4   c   0.00000   0.43800   0.25000   1.0
Te3   Te   4   c   0.00000   0.18600   0.02600   1.0",True,False
V2O5,59,14,GPT-5.4,"```cif
data_V2O5
_audit_creation_method            'Generated by AI'
_chemical_name_common            'Vanadium pentoxide'
_chemical_formula_sum            'V2 O5'
_chemical_formula_structural     'V2O5'

_symmetry_space_group_name_H-M   'P m m n'
_symmetry_Int_Tables_number      59

_cell_length_a                   11.512
_cell_length_b                   3.564
_cell_length_c                   4.368
_cell_angle_alpha                90
_cell_angle_beta                 90
_cell_angle_gamma                90
_cell_volume                     179.22
_cell_formula_units_Z            2

loop_
_symmetry_equiv_pos_site_id
_symmetry_equiv_pos_as_xyz
1  'x, y, z'
2  '-x, -y, z'
3  'x+1/2, -y+1/2, -z'
4  '-x+1/2, y+1/2, -z'
5  '-x, -y, -z'
6  'x, y, -z'
7  '-x+1/2, y+1/2, z'
8  'x+1/2, -y+1/2, z'

loop_
_atom_type_symbol
_atom_type_oxidation_number
V  5
O -2

loop_
_atom_site_label
_atom_site_type_symbol
_atom_site_symmetry_multiplicity
_atom_site_Wyckoff_label
_atom_site_fract_x
_atom_site_fract_y
_atom_site_fract_z
_atom_site_occupancy
V1  V  4  f  0.0980  0.2500  0.1400  1.0
O1  O  2  a  0.2500  0.2500  0.4800  1.0
O2  O  4  f  0.1470  0.2500  0.5300  1.0
O3  O  4  f  0.0320  0.2500  0.0300  1.0
```","data_V2O5
_audit_creation_method            'Generated by AI'
_chemical_name_common            'Vanadium pentoxide'
_chemical_formula_sum            'V2 O5'
_chemical_formula_structural     'V2O5'

_symmetry_space_group_name_H-M   'P m m n'
_symmetry_Int_Tables_number      59

_cell_length_a                   11.512
_cell_length_b                   3.564
_cell_length_c                   4.368
_cell_angle_alpha                90
_cell_angle_beta                 90
_cell_angle_gamma                90
_cell_volume                     179.22
_cell_formula_units_Z            2

loop_
_symmetry_equiv_pos_site_id
_symmetry_equiv_pos_as_xyz
1  'x, y, z'
2  '-x, -y, z'
3  'x+1/2, -y+1/2, -z'
4  '-x+1/2, y+1/2, -z'
5  '-x, -y, -z'
6  'x, y, -z'
7  '-x+1/2, y+1/2, z'
8  'x+1/2, -y+1/2, z'

loop_
_atom_type_symbol
_atom_type_oxidation_number
V  5
O -2

loop_
_atom_site_label
_atom_site_type_symbol
_atom_site_symmetry_multiplicity
_atom_site_Wyckoff_label
_atom_site_fract_x
_atom_site_fract_y
_atom_site_fract_z
_atom_site_occupancy
V1  V  4  f  0.0980  0.2500  0.1400  1.0
O1  O  2  a  0.2500  0.2500  0.4800  1.0
O2  O  4  f  0.1470  0.2500  0.5300  1.0
O3  O  4  f  0.0320  0.2500  0.0300  1.0",True,False
Si3N4,176,14,GPT-5.4,"```cif
data_Si3N4_beta
_audit_creation_method            'Generated by OpenAI'
_chemical_name_common             'Silicon nitride'
_chemical_formula_sum             'Si6 N8'
_chemical_formula_structural      'Si3N4'
_symmetry_space_group_name_H-M    'P 63/m'
_symmetry_Int_Tables_number       176

_cell_length_a                    7.6030
_cell_length_b                    7.6030
_cell_length_c                    2.9020
_cell_angle_alpha                 90
_cell_angle_beta                  90
_cell_angle_gamma                 120
_cell_volume                      145.18
_cell_formula_units_Z             2

loop_
_symmetry_equiv_pos_site_id
_symmetry_equiv_pos_as_xyz
1  x, y, z
2  -y, x-y, z
3  -x+y, -x, z
4  -x, -y, z
5  y, -x+y, z
6  x-y, x, z
7  -y, -x, -z
8  x-y, y, -z
9  x, -x+y, -z
10 y, x, -z
11 -x+y, -y, -z
12 -x, x-y, -z

loop_
_atom_site_label
_atom_site_type_symbol
_atom_site_symmetry_multiplicity
_atom_site_Wyckoff_label
_atom_site_fract_x
_atom_site_fract_y
_atom_site_fract_z
_atom_site_occupancy
Si1  Si  6  h  0.2310  0.0770  0.2500  1.0
N1   N   6  h  0.3280  0.0310  0.2500  1.0
N2   N   2  c  0.3333  0.6667  0.2500  1.0
```","data_Si3N4_beta
_audit_creation_method            'Generated by OpenAI'
_chemical_name_common             'Silicon nitride'
_chemical_formula_sum             'Si6 N8'
_chemical_formula_structural      'Si3N4'
_symmetry_space_group_name_H-M    'P 63/m'
_symmetry_Int_Tables_number       176

_cell_length_a                    7.6030
_cell_length_b                    7.6030
_cell_length_c                    2.9020
_cell_angle_alpha                 90
_cell_angle_beta                  90
_cell_angle_gamma                 120
_cell_volume                      145.18
_cell_formula_units_Z             2

loop_
_symmetry_equiv_pos_site_id
_symmetry_equiv_pos_as_xyz
1  x, y, z
2  -y, x-y, z
3  -x+y, -x, z
4  -x, -y, z
5  y, -x+y, z
6  x-y, x, z
7  -y, -x, -z
8  x-y, y, -z
9  x, -x+y, -z
10 y, x, -z
11 -x+y, -y, -z
12 -x, x-y, -z

loop_
_atom_site_label
_atom_site_type_symbol
_atom_site_symmetry_multiplicity
_atom_site_Wyckoff_label
_atom_site_fract_x
_atom_site_fract_y
_atom_site_fract_z
_atom_site_occupancy
Si1  Si  6  h  0.2310  0.0770  0.2500  1.0
N1   N   6  h  0.3280  0.0310  0.2500  1.0
N2   N   2  c  0.3333  0.6667  0.2500  1.0",True,False
Fe3O4,227,14,GPT-5.4,"```cif
data_Fe3O4_magnetite
_audit_creation_method            'Generated by AI'
_chemical_name_common            'Magnetite'
_chemical_formula_sum            'Fe3 O4'

_cell_length_a                   8.396
_cell_length_b                   8.396
_cell_length_c                   8.396
_cell_angle_alpha                90
_cell_angle_beta                 90
_cell_angle_gamma                90
_cell_volume                     591.66
_cell_formula_units_Z            8

_symmetry_space_group_name_H-M   'F d -3 m'
_symmetry_Int_Tables_number      227

loop_
_symmetry_equiv_pos_as_xyz
  'x, y, z'
  'x+1/4, -y+1/4, -z+1/4'
  '-x+1/4, y+1/4, -z+1/4'
  '-x, -y, z'
  '-x, -y, -z'
  '-x+1/4, y+1/4, z+1/4'
  'x+1/4, -y+1/4, z+1/4'
  'x, y, -z'
  'y, z, x'
  'y+1/4, -z+1/4, -x+1/4'
  '-y+1/4, z+1/4, -x+1/4'
  '-y, -z, x'
  '-y, -z, -x'
  '-y+1/4, z+1/4, x+1/4'
  'y+1/4, -z+1/4, x+1/4'
  'y, z, -x'
  'z, x, y'
  'z+1/4, -x+1/4, -y+1/4'
  '-z+1/4, x+1/4, -y+1/4'
  '-z, -x, y'
  '-z, -x, -y'
  '-z+1/4, x+1/4, y+1/4'
  'z+1/4, -x+1/4, y+1/4'
  'z, x, -y'
  'z, y, x'
  'z+1/4, -y+1/4, -x+1/4'
  '-z+1/4, y+1/4, -x+1/4'
  '-z, -y, x'
  '-z, -y, -x'
  '-z+1/4, y+1/4, x+1/4'
  'z+1/4, -y+1/4, x+1/4'
  'z, y, -x'
  'x, z, y'
  'x+1/4, -z+1/4, -y+1/4'
  '-x+1/4, z+1/4, -y+1/4'
  '-x, -z, y'
  '-x, -z, -y'
  '-x+1/4, z+1/4, y+1/4'
  'x+1/4, -z+1/4, y+1/4'
  'x, z, -y'
  'y, x, z'
  'y+1/4, -x+1/4, -z+1/4'
  '-y+1/4, x+1/4, -z+1/4'
  '-y, -x, z'
  '-y, -x, -z'
  '-y+1/4, x+1/4, z+1/4'
  'y+1/4, -x+1/4, z+1/4'
  'y, x, -z'
  'x+1/2, y+1/2, z'
  'x+3/4, -y+3/4, -z+1/4'
  '-x+3/4, y+3/4, -z+1/4'
  '-x+1/2, -y+1/2, z'
  '-x+1/2, -y+1/2, -z'
  '-x+3/4, y+3/4, z+1/4'
  'x+3/4, -y+3/4, z+1/4'
  'x+1/2, y+1/2, -z'
  'y+1/2, z+1/2, x'
  'y+3/4, -z+3/4, -x+1/4'
  '-y+3/4, z+3/4, -x+1/4'
  '-y+1/2, -z+1/2, x'
  '-y+1/2, -z+1/2, -x'
  '-y+3/4, z+3/4, x+1/4'
  'y+3/4, -z+3/4, x+1/4'
  'y+1/2, z+1/2, -x'
  'z+1/2, x+1/2, y'
  'z+3/4, -x+3/4, -y+1/4'
  '-z+3/4, x+3/4, -y+1/4'
  '-z+1/2, -x+1/2, y'
  '-z+1/2, -x+1/2, -y'
  '-z+3/4, x+3/4, y+1/4'
  'z+3/4, -x+3/4, y+1/4'
  'z+1/2, x+1/2, -y'
  'z+1/2, y+1/2, x'
  'z+3/4, -y+3/4, -x+1/4'
  '-z+3/4, y+3/4, -x+1/4'
  '-z+1/2, -y+1/2, x'
  '-z+1/2, -y+1/2, -x'
  '-z+3/4, y+3/4, x+1/4'
  'z+3/4, -y+3/4, x+1/4'
  'z+1/2, y+1/2, -x'
  'x+1/2, z+1/2, y'
  'x+3/4, -z+3/4, -y+1/4'
  '-x+3/4, z+3/4, -y+1/4'
  '-x+1/2, -z+1/2, y'
  '-x+1/2, -z+1/2, -y'
  '-x+3/4, z+3/4, y+1/4'
  'x+3/4, -z+3/4, y+1/4'
  'x+1/2, z+1/2, -y'
  'y+1/2, x+1/2, z'
  'y+3/4, -x+3/4, -z+1/4'
  '-y+3/4, x+3/4, -z+1/4'
  '-y+1/2, -x+1/2, z'
  '-y+1/2, -x+1/2, -z'
  '-y+3/4, x+3/4, z+1/4'
  'y+3/4, -x+3/4, z+1/4'
  'y+1/2, x+1/2, -z'

loop_
_atom_type_symbol
_atom_type_oxidation_number
  Fe  2.6667
  O  -2

loop_
_atom_site_label
_atom_site_type_symbol
_atom_site_symmetry_multiplicity
_atom_site_Wyckoff_label
_atom_site_fract_x
_atom_site_fract_y
_atom_site_fract_z
_atom_site_occupancy
  FeA  Fe  8   a   0.12500  0.12500  0.12500  1.0
  FeB  Fe  16  d   0.50000  0.50000  0.50000  1.0
  O1   O   32  e   0.25450  0.25450  0.25450  1.0
```","data_Fe3O4_magnetite
_audit_creation_method            'Generated by AI'
_chemical_name_common            'Magnetite'
_chemical_formula_sum            'Fe3 O4'

_cell_length_a                   8.396
_cell_length_b                   8.396
_cell_length_c                   8.396
_cell_angle_alpha                90
_cell_angle_beta                 90
_cell_angle_gamma                90
_cell_volume                     591.66
_cell_formula_units_Z            8

_symmetry_space_group_name_H-M   'F d -3 m'
_symmetry_Int_Tables_number      227

loop_
_symmetry_equiv_pos_as_xyz
  'x, y, z'
  'x+1/4, -y+1/4, -z+1/4'
  '-x+1/4, y+1/4, -z+1/4'
  '-x, -y, z'
  '-x, -y, -z'
  '-x+1/4, y+1/4, z+1/4'
  'x+1/4, -y+1/4, z+1/4'
  'x, y, -z'
  'y, z, x'
  'y+1/4, -z+1/4, -x+1/4'
  '-y+1/4, z+1/4, -x+1/4'
  '-y, -z, x'
  '-y, -z, -x'
  '-y+1/4, z+1/4, x+1/4'
  'y+1/4, -z+1/4, x+1/4'
  'y, z, -x'
  'z, x, y'
  'z+1/4, -x+1/4, -y+1/4'
  '-z+1/4, x+1/4, -y+1/4'
  '-z, -x, y'
  '-z, -x, -y'
  '-z+1/4, x+1/4, y+1/4'
  'z+1/4, -x+1/4, y+1/4'
  'z, x, -y'
  'z, y, x'
  'z+1/4, -y+1/4, -x+1/4'
  '-z+1/4, y+1/4, -x+1/4'
  '-z, -y, x'
  '-z, -y, -x'
  '-z+1/4, y+1/4, x+1/4'
  'z+1/4, -y+1/4, x+1/4'
  'z, y, -x'
  'x, z, y'
  'x+1/4, -z+1/4, -y+1/4'
  '-x+1/4, z+1/4, -y+1/4'
  '-x, -z, y'
  '-x, -z, -y'
  '-x+1/4, z+1/4, y+1/4'
  'x+1/4, -z+1/4, y+1/4'
  'x, z, -y'
  'y, x, z'
  'y+1/4, -x+1/4, -z+1/4'
  '-y+1/4, x+1/4, -z+1/4'
  '-y, -x, z'
  '-y, -x, -z'
  '-y+1/4, x+1/4, z+1/4'
  'y+1/4, -x+1/4, z+1/4'
  'y, x, -z'
  'x+1/2, y+1/2, z'
  'x+3/4, -y+3/4, -z+1/4'
  '-x+3/4, y+3/4, -z+1/4'
  '-x+1/2, -y+1/2, z'
  '-x+1/2, -y+1/2, -z'
  '-x+3/4, y+3/4, z+1/4'
  'x+3/4, -y+3/4, z+1/4'
  'x+1/2, y+1/2, -z'
  'y+1/2, z+1/2, x'
  'y+3/4, -z+3/4, -x+1/4'
  '-y+3/4, z+3/4, -x+1/4'
  '-y+1/2, -z+1/2, x'
  '-y+1/2, -z+1/2, -x'
  '-y+3/4, z+3/4, x+1/4'
  'y+3/4, -z+3/4, x+1/4'
  'y+1/2, z+1/2, -x'
  'z+1/2, x+1/2, y'
  'z+3/4, -x+3/4, -y+1/4'
  '-z+3/4, x+3/4, -y+1/4'
  '-z+1/2, -x+1/2, y'
  '-z+1/2, -x+1/2, -y'
  '-z+3/4, x+3/4, y+1/4'
  'z+3/4, -x+3/4, y+1/4'
  'z+1/2, x+1/2, -y'
  'z+1/2, y+1/2, x'
  'z+3/4, -y+3/4, -x+1/4'
  '-z+3/4, y+3/4, -x+1/4'
  '-z+1/2, -y+1/2, x'
  '-z+1/2, -y+1/2, -x'
  '-z+3/4, y+3/4, x+1/4'
  'z+3/4, -y+3/4, x+1/4'
  'z+1/2, y+1/2, -x'
  'x+1/2, z+1/2, y'
  'x+3/4, -z+3/4, -y+1/4'
  '-x+3/4, z+3/4, -y+1/4'
  '-x+1/2, -z+1/2, y'
  '-x+1/2, -z+1/2, -y'
  '-x+3/4, z+3/4, y+1/4'
  'x+3/4, -z+3/4, y+1/4'
  'x+1/2, z+1/2, -y'
  'y+1/2, x+1/2, z'
  'y+3/4, -x+3/4, -z+1/4'
  '-y+3/4, x+3/4, -z+1/4'
  '-y+1/2, -x+1/2, z'
  '-y+1/2, -x+1/2, -z'
  '-y+3/4, x+3/4, z+1/4'
  'y+3/4, -x+3/4, z+1/4'
  'y+1/2, x+1/2, -z'

loop_
_atom_type_symbol
_atom_type_oxidation_number
  Fe  2.6667
  O  -2

loop_
_atom_site_label
_atom_site_type_symbol
_atom_site_symmetry_multiplicity
_atom_site_Wyckoff_label
_atom_site_fract_x
_atom_site_fract_y
_atom_site_fract_z
_atom_site_occupancy
  FeA  Fe  8   a   0.12500  0.12500  0.12500  1.0
  FeB  Fe  16  d   0.50000  0.50000  0.50000  1.0
  O1   O   32  e   0.25450  0.25450  0.25450  1.0",True,False
Mn(FeO2)2,227,14,GPT-5.4,,,False,False
ZnSb,61,16,GPT-5.4,,,False,False
CoSb3,204,16,GPT-5.4,,,False,False
LiBF4,152,18,GPT-5.4,,,False,False
Y2Co17,166,19,GPT-5.4,,,False,False
GeH4,13,20,GPT-5.4,,,False,False
CsPbI3,62,20,GPT-5.4,,,False,False
NaCaAlPHO5F2,11,24,GPT-5.4,,,False,False
LiFePO4,62,28,GPT-5.4,,,False,False
Cu12Sb4S13,217,29,GPT-5.4,,,False,False
MgB7,74,32,GPT-5.4,,,False,False
Li3PS4,62,32,GPT-5.4,,,False,False
Cd3As2,142,80,GPT-5.4,,,False,False
Li4Ti5O12,15,42,GPT-5.4,,,False,False
Ba2CaSi4(BO7)2,121,46,GPT-5.4,,,False,False
Ag8GeS6,33,60,GPT-5.4,,,False,False
Nd2Fe14B,136,68,GPT-5.4,,,False,False
Y3Al5O12,230,80,GPT-5.4,,,False,False
Ca14MnSb11,142,104,GPT-5.4,,,False,False
